-1.000000000000000000e+01,0.000000000000000000e+00,-1.000000000000000000e+01,0.000000000000000000e+00,0.000000000000000000e+00,0.000000000000000000e+00,0.000000000000000000e+00,0.000000000000000000e+00,7.703003785103472445e-02,1.035799151284227041e-15,-7.051789605825874441e-01,4.565971362780550365e-16,1.739695803842186139e-01,-4.476742404620047322e-16
-1.000000000000000000e+01,0.000000000000000000e+00,0.000000000000000000e+00,-2.000000000000000000e+01,0.000000000000000000e+00,0.000000000000000000e+00,0.000000000000000000e+00,0.000000000000000000e+00,8.611179486454005605e-02,-3.531712912445150038e-02,-5.777984265786696438e-01,3.464541162231607463e-02,2.068186770133567318e-02,1.060874349106350097e-02
-1.000000000000000000e+01,0.000000000000000000e+00,0.000000000000000000e+00,0.000000000000000000e+00,0.000000000000000000e+00,-1.570796326794896558e+00,0.000000000000000000e+00,0.000000000000000000e+00,4.250800525182591577e-02,2.223786976574379862e-02,-5.822716821185903724e-01,3.856531921047154365e-02,2.215933677961187676e-02,-1.147024953237505557e-02
-1.000000000000000000e+01,0.000000000000000000e+00,0.000000000000000000e+00,0.000000000000000000e+00,0.000000000000000000e+00,0.000000000000000000e+00,-5.235987755982988157e-01,0.000000000000000000e+00,5.120631297953809336e-02,6.334098985045105197e-16,-6.281095487168982805e-01,7.863979714528511339e-16,9.006860972239927321e-02,-2.889753493451081504e-16
-1.000000000000000000e+01,0.000000000000000000e+00,0.000000000000000000e+00,0.000000000000000000e+00,0.000000000000000000e+00,0.000000000000000000e+00,0.000000000000000000e+00,-5.235987755982988157e-01,4.600825938615422245e-02,-1.820781319000461598e-02,-5.809497038895714560e-01,6.169578242598165512e-04,2.383416857532915864e-02,7.097440266444514888e-03
-1.000000000000000000e+01,0.000000000000000000e+00,0.000000000000000000e+00,0.000000000000000000e+00,0.000000000000000000e+00,0.000000000000000000e+00,0.000000000000000000e+00,0.000000000000000000e+00,4.610025896793311373e-02,5.402740903079978763e-16,-5.801271975621387078e-01,1.027702160661341856e-15,2.305977953628227453e-02,-2.757092067128332644e-16
-1.000000000000000000e+01,0.000000000000000000e+00,0.000000000000000000e+00,0.000000000000000000e+00,0.000000000000000000e+00,0.000000000000000000e+00,0.000000000000000000e+00,5.235987755982988157e-01,4.587966589728807026e-02,1.820577743612668969e-02,-5.809627078032888470e-01,-6.173868689660755695e-04,2.375956666048413199e-02,-7.096614961305065285e-03
-1.000000000000000000e+01,0.000000000000000000e+00,0.000000000000000000e+00,0.000000000000000000e+00,0.000000000000000000e+00,0.000000000000000000e+00,5.235987755982988157e-01,0.000000000000000000e+00,3.891525527112527777e-02,3.980961972438620848e-16,-5.336183030731674881e-01,1.375725456246576346e-15,-4.269945326458633728e-02,-2.288673724561894157e-16
-1.000000000000000000e+01,0.000000000000000000e+00,0.000000000000000000e+00,0.000000000000000000e+00,0.000000000000000000e+00,1.570796326794896558e+00,0.000000000000000000e+00,0.000000000000000000e+00,4.256014727781398665e-02,-2.223926167127410203e-02,-5.822702470532404861e-01,-3.856568292444170071e-02,2.221397025903021002e-02,1.147086929142941865e-02
-1.000000000000000000e+01,0.000000000000000000e+00,0.000000000000000000e+00,2.000000000000000000e+01,0.000000000000000000e+00,0.000000000000000000e+00,0.000000000000000000e+00,0.000000000000000000e+00,8.584150831002888837e-02,3.530894056290221489e-02,-5.778311102855890891e-01,-3.464659712066492370e-02,2.055920154173466671e-02,-1.060582573777796821e-02
-1.000000000000000000e+01,0.000000000000000000e+00,1.000000000000000000e+01,0.000000000000000000e+00,0.000000000000000000e+00,0.000000000000000000e+00,0.000000000000000000e+00,0.000000000000000000e+00,3.981076860779649007e-02,1.758633079304274163e-16,-4.522418029609369117e-01,1.545148151033822539e-15,-1.270668766631713187e-01,-1.419666636017528230e-16
-5.000000000000000000e+00,0.000000000000000000e+00,-1.000000000000000000e+01,0.000000000000000000e+00,0.000000000000000000e+00,0.000000000000000000e+00,0.000000000000000000e+00,0.000000000000000000e+00,3.658147377066484074e-02,6.219530468876469418e-16,-3.867296130115808750e-01,-1.828013851669218379e-16,1.628221842871999392e-01,-2.643585910190555244e-16
-5.000000000000000000e+00,0.000000000000000000e+00,0.000000000000000000e+00,-2.000000000000000000e+01,0.000000000000000000e+00,0.000000000000000000e+00,0.000000000000000000e+00,0.000000000000000000e+00,5.217983283075154632e-02,-3.709127329059832417e-02,-2.560917427129510426e-01,2.895558488315812945e-02,6.990898260561396842e-03,1.205851962151359424e-02
-5.000000000000000000e+00,0.000000000000000000e+00,0.000000000000000000e+00,0.000000000000000000e+00,0.000000000000000000e+00,-1.570796326794896558e+00,0.000000000000000000e+00,0.000000000000000000e+00,1.125601635444781201e-02,1.241887196085196890e-02,-2.614383054279881824e-01,3.584620873376521966e-02,1.240691516185158175e-02,-6.566427161542450971e-03
-5.000000000000000000e+00,0.000000000000000000e+00,0.000000000000000000e+00,0.000000000000000000e+00,0.000000000000000000e+00,0.000000000000000000e+00,-5.235987755982988157e-01,0.000000000000000000e+00,1.672939209247120695e-02,2.379892794043585229e-16,-3.068256653580678783e-01,5.450571335056980107e-17,7.747485196760744985e-02,-8.767452952846477933e-17
-5.000000000000000000e+00,0.000000000000000000e+00,0.000000000000000000e+00,0.000000000000000000e+00,0.000000000000000000e+00,0.000000000000000000e+00,0.000000000000000000e+00,-5.235987755982988157e-01,1.468886929460614527e-02,-1.804531882661121814e-02,-2.585977458556041886e-01,-6.445701862511561166e-04,1.016318403304128370e-02,7.063367380990510924e-03
-5.000000000000000000e+00,0.000000000000000000e+00,0.000000000000000000e+00,0.000000000000000000e+00,0.000000000000000000e+00,0.000000000000000000e+00,0.000000000000000000e+00,0.000000000000000000e+00,1.485129535027084231e-02,9.914608523816301998e-17,-2.581142867932596507e-01,3.696084359835097604e-16,9.716157530536605538e-03,-5.736266313661914261e-17
-5.000000000000000000e+00,0.000000000000000000e+00,0.000000000000000000e+00,0.000000000000000000e+00,0.000000000000000000e+00,0.000000000000000000e+00,0.000000000000000000e+00,5.235987755982988157e-01,1.455494860789980326e-02,1.804320272162061173e-02,-2.586046612266056366e-01,6.441197855880880343e-04,1.009048036418734584e-02,-7.062506116095696937e-03
-5.000000000000000000e+00,0.000000000000000000e+00,0.000000000000000000e+00,0.000000000000000000e+00,0.000000000000000000e+00,0.000000000000000000e+00,5.235987755982988157e-01,0.000000000000000000e+00,1.070663869776638036e-02,-1.025885386251113609e-16,-2.104186635260837102e-01,6.416077710219216694e-16,-5.706199844068347155e-02,2.860438320158105597e-17
-5.000000000000000000e+00,0.000000000000000000e+00,0.000000000000000000e+00,0.000000000000000000e+00,0.000000000000000000e+00,1.570796326794896558e+00,0.000000000000000000e+00,0.000000000000000000e+00,1.129840963087506110e-02,-1.242020973658894932e-02,-2.614388554726131408e-01,-3.584655095718741052e-02,1.245472690309901848e-02,6.567017750043094987e-03
-5.000000000000000000e+00,0.000000000000000000e+00,0.000000000000000000e+00,2.000000000000000000e+01,0.000000000000000000e+00,0.000000000000000000e+00,0.000000000000000000e+00,0.000000000000000000e+00,5.185422582843184774e-02,3.707992878237954815e-02,-2.561126075453161732e-01,-2.895725870557697840e-02,6.851769927443802921e-03,-1.205445501503705531e-02
-5.000000000000000000e+00,0.000000000000000000e+00,1.000000000000000000e+01,0.000000000000000000e+00,0.000000000000000000e+00,0.000000000000000000e+00,0.000000000000000000e+00,0.000000000000000000e+00,1.792027637886876509e-02,-2.782075158471948936e-16,-1.278376769599993412e-01,8.986201469945829014e-16,-1.438959475462487925e-01,9.929592491147653175e-17
0.000000000000000000e+00,-6.000000000000000000e+00,0.000000000000000000e+00,-2.000000000000000000e+01,0.000000000000000000e+00,0.000000000000000000e+00,0.000000000000000000e+00,0.000000000000000000e+00,4.150727903561496346e-02,3.959207714711589221e-02,3.275035183536651601e-02,3.376972505974423083e-02,7.183254656252795189e-02,-1.617038602303204689e-02
0.000000000000000000e+00,-6.000000000000000000e+00,0.000000000000000000e+00,0.000000000000000000e+00,-3.000000000000000000e+01,0.000000000000000000e+00,0.000000000000000000e+00,0.000000000000000000e+00,2.162182436885902448e-02,-2.852820050313554720e-02,3.138248823456518677e-02,-6.069924720474554128e-03,4.281865696657739806e-02,1.754359943717452575e-02
0.000000000000000000e+00,-6.000000000000000000e+00,0.000000000000000000e+00,0.000000000000000000e+00,0.000000000000000000e+00,-1.570796326794896558e+00,0.000000000000000000e+00,0.000000000000000000e+00,5.329369473702470078e-03,8.005418099505873242e-02,3.643752255361010217e-02,4.196848370758386043e-02,3.668083963833267819e-02,-3.091944948769993068e-02
0.000000000000000000e+00,-6.000000000000000000e+00,0.000000000000000000e+00,0.000000000000000000e+00,0.000000000000000000e+00,0.000000000000000000e+00,0.000000000000000000e+00,-5.235987755982988157e-01,1.008428427490519995e-02,6.219187538408248173e-02,5.070138416970023515e-02,5.009937506491353963e-03,1.003950866202948759e-02,-2.331108828139551170e-02
0.000000000000000000e+00,-6.000000000000000000e+00,0.000000000000000000e+00,0.000000000000000000e+00,0.000000000000000000e+00,0.000000000000000000e+00,0.000000000000000000e+00,0.000000000000000000e+00,9.674269797971521423e-03,7.635108494600759133e-02,3.937930223406677088e-02,7.099008860661344678e-03,2.199121920775925013e-02,-2.903165125624367071e-02
0.000000000000000000e+00,-6.000000000000000000e+00,0.000000000000000000e+00,0.000000000000000000e+00,0.000000000000000000e+00,0.000000000000000000e+00,0.000000000000000000e+00,5.235987755982988157e-01,-3.753706340279285014e-02,9.341953465031349602e-02,-2.076160245776571267e-01,1.021628796794312073e-02,2.930364289270011025e-01,-3.410975528130816975e-02
0.000000000000000000e+00,-6.000000000000000000e+00,0.000000000000000000e+00,0.000000000000000000e+00,0.000000000000000000e+00,1.570796326794896558e+00,0.000000000000000000e+00,0.000000000000000000e+00,6.629755318094020938e-03,7.227515136009765584e-02,4.029564046089330331e-02,-2.773943528016600477e-02,9.589260965557686381e-03,-2.677010977912264861e-02
0.000000000000000000e+00,-6.000000000000000000e+00,0.000000000000000000e+00,0.000000000000000000e+00,3.000000000000000000e+01,0.000000000000000000e+00,0.000000000000000000e+00,0.000000000000000000e+00,3.638686308238442413e-02,1.803449332375433589e-01,3.096401640318477422e-02,2.106327401955096143e-02,4.160735947254555478e-02,-7.681960154168997190e-02
0.000000000000000000e+00,-6.000000000000000000e+00,0.000000000000000000e+00,2.000000000000000000e+01,0.000000000000000000e+00,0.000000000000000000e+00,0.000000000000000000e+00,0.000000000000000000e+00,4.721189815119060385e-02,1.107481682403705092e-01,4.631678627838946988e-02,-1.942891581632105735e-02,-2.946468957284689022e-02,-4.104014837703319485e-02
0.000000000000000000e+00,-4.000000000000000000e+00,0.000000000000000000e+00,-2.000000000000000000e+01,0.000000000000000000e+00,0.000000000000000000e+00,0.000000000000000000e+00,0.000000000000000000e+00,4.112401991644751981e-02,1.127067271252192408e-02,4.543011423826357614e-02,3.070318279944233772e-02,4.486368729589388510e-02,-5.884523269473341221e-03
0.000000000000000000e+00,-4.000000000000000000e+00,0.000000000000000000e+00,0.000000000000000000e+00,-3.000000000000000000e+01,0.000000000000000000e+00,0.000000000000000000e+00,0.000000000000000000e+00,2.216997186542611631e-02,-5.487339227365192057e-02,3.513412815995386324e-02,-8.506747320799881718e-03,3.957619295658793002e-02,2.769711228804333514e-02
0.000000000000000000e+00,-4.000000000000000000e+00,0.000000000000000000e+00,0.000000000000000000e+00,0.000000000000000000e+00,-1.570796326794896558e+00,0.000000000000000000e+00,0.000000000000000000e+00,3.603953070180330315e-03,5.158959831272146718e-02,3.408452844431800882e-02,3.973158040657250034e-02,3.684695259114256077e-02,-2.028870981331300921e-02
0.000000000000000000e+00,-4.000000000000000000e+00,0.000000000000000000e+00,0.000000000000000000e+00,0.000000000000000000e+00,0.000000000000000000e+00,0.000000000000000000e+00,-5.235987755982988157e-01,7.939814693493699865e-03,3.275888779040778825e-02,3.839141907788898994e-02,3.138227000513090816e-03,2.467886466018280253e-02,-1.224902385764005570e-02
0.000000000000000000e+00,-4.000000000000000000e+00,0.000000000000000000e+00,0.000000000000000000e+00,0.000000000000000000e+00,0.000000000000000000e+00,0.000000000000000000e+00,0.000000000000000000e+00,7.917582085463743119e-03,4.979140199607590828e-02,4.182709758949700041e-02,4.733470487510039321e-03,2.052704760289691260e-02,-1.901560533911673262e-02
0.000000000000000000e+00,-4.000000000000000000e+00,0.000000000000000000e+00,0.000000000000000000e+00,0.000000000000000000e+00,0.000000000000000000e+00,0.000000000000000000e+00,5.235987755982988157e-01,4.535218733824546850e-03,6.547809419484644511e-02,-3.648291446667329112e-03,6.823655519318625948e-03,6.997690323977061311e-02,-2.506670327560512820e-02
0.000000000000000000e+00,-4.000000000000000000e+00,0.000000000000000000e+00,0.000000000000000000e+00,0.000000000000000000e+00,1.570796326794896558e+00,0.000000000000000000e+00,0.000000000000000000e+00,4.545620980288486886e-03,4.774003999470597531e-02,3.447776858949497952e-02,-3.010508634055798771e-02,2.116122966379537992e-02,-1.742185434956705636e-02
0.000000000000000000e+00,-4.000000000000000000e+00,0.000000000000000000e+00,0.000000000000000000e+00,3.000000000000000000e+01,0.000000000000000000e+00,0.000000000000000000e+00,0.000000000000000000e+00,3.225257972934069545e-02,1.537454197287004554e-01,3.216781112566505924e-02,1.848599593744067529e-02,4.185430112202861985e-02,-6.647578981300054923e-02
0.000000000000000000e+00,-4.000000000000000000e+00,0.000000000000000000e+00,2.000000000000000000e+01,0.000000000000000000e+00,0.000000000000000000e+00,0.000000000000000000e+00,0.000000000000000000e+00,4.438530434963720850e-02,8.698812905037014986e-02,3.752823663245082042e-02,-2.104145689734610719e-02,-4.297412583203649890e-03,-3.188460033242902780e-02
0.000000000000000000e+00,-2.000000000000000000e+00,0.000000000000000000e+00,-2.000000000000000000e+01,0.000000000000000000e+00,0.000000000000000000e+00,0.000000000000000000e+00,0.000000000000000000e+00,4.091334241848918613e-02,-1.548062305297914776e-02,4.079142572837535924e-02,2.819310614314239627e-02,3.629166649842915926e-02,4.323083266948174637e-03
0.000000000000000000e+00,-2.000000000000000000e+00,0.000000000000000000e+00,0.000000000000000000e+00,-3.000000000000000000e+01,0.000000000000000000e+00,0.000000000000000000e+00,0.000000000000000000e+00,2.344429064492962664e-02,-8.014415835192123527e-02,3.743796075056562978e-02,-1.062359178711839644e-02,3.746808360612174926e-02,3.757739601906231325e-02
0.000000000000000000e+00,-2.000000000000000000e+00,0.000000000000000000e+00,0.000000000000000000e+00,0.000000000000000000e+00,-1.570796326794896558e+00,0.000000000000000000e+00,0.000000000000000000e+00,3.233742665231995311e-03,2.610932753602302620e-02,4.888058283124972758e-02,3.713396623096584803e-02,1.750586881160851732e-02,-1.069857108911867818e-02
0.000000000000000000e+00,-2.000000000000000000e+00,0.000000000000000000e+00,0.000000000000000000e+00,0.000000000000000000e+00,0.000000000000000000e+00,0.000000000000000000e+00,-5.235987755982988157e-01,6.980774363115599575e-03,8.272467308044319581e-03,4.909922529241160516e-02,2.822251888409441187e-04,1.340645315912026257e-02,-2.928204951153528125e-03
0.000000000000000000e+00,-2.000000000000000000e+00,0.000000000000000000e+00,0.000000000000000000e+00,0.000000000000000000e+00,0.000000000000000000e+00,0.000000000000000000e+00,0.000000000000000000e+00,7.079483099824420561e-03,2.443939999658290008e-02,4.846565742165487300e-02,2.707567503671810989e-03,1.400381640567075099e-02,-9.344257360222579106e-03
0.000000000000000000e+00,-2.000000000000000000e+00,0.000000000000000000e+00,0.000000000000000000e+00,0.000000000000000000e+00,0.000000000000000000e+00,0.000000000000000000e+00,5.235987755982988157e-01,6.687965863071418729e-03,4.204344702280538720e-02,5.678438872869077253e-02,4.099657584138887909e-03,4.539473184239791424e-03,-1.635423884625242588e-02
0.000000000000000000e+00,-2.000000000000000000e+00,0.000000000000000000e+00,0.000000000000000000e+00,0.000000000000000000e+00,1.570796326794896558e+00,0.000000000000000000e+00,0.000000000000000000e+00,3.756067967166318907e-03,2.365191061614776297e-02,5.541274842046050447e-02,-3.218269425829090730e-02,2.487540680645749288e-03,-8.237417492358753077e-03
0.000000000000000000e+00,-2.000000000000000000e+00,0.000000000000000000e+00,0.000000000000000000e+00,3.000000000000000000e+01,0.000000000000000000e+00,0.000000000000000000e+00,0.000000000000000000e+00,2.930434563367504894e-02,1.288332931735708675e-01,4.313178840920520174e-02,1.630308336772648067e-02,3.094277781952109799e-02,-5.674321791854790992e-02
0.000000000000000000e+00,-2.000000000000000000e+00,0.000000000000000000e+00,2.000000000000000000e+01,0.000000000000000000e+00,0.000000000000000000e+00,0.000000000000000000e+00,0.000000000000000000e+00,4.256944900844983337e-02,6.344205167834608694e-02,5.555523339396400972e-02,-2.268643889347657025e-02,-8.953296875743062613e-03,-2.260952979513457597e-02
0.000000000000000000e+00,0.000000000000000000e+00,-1.000000000000000000e+01,0.000000000000000000e+00,0.000000000000000000e+00,0.000000000000000000e+00,0.000000000000000000e+00,0.000000000000000000e+00,1.740387774195192513e-02,1.116096936703239334e-15,-9.890796696004489075e-02,-1.268793284515007777e-15,1.867682015968358811e-01,-4.379746561350837675e-16
0.000000000000000000e+00,0.000000000000000000e+00,0.000000000000000000e+00,-2.000000000000000000e+01,0.000000000000000000e+00,0.000000000000000000e+00,0.000000000000000000e+00,0.000000000000000000e+00,4.124418416733039577e-02,-3.981248698036782274e-02,3.102756378984632482e-02,2.534608928076785908e-02,3.283078870566367991e-02,1.374062345108460585e-02
0.000000000000000000e+00,0.000000000000000000e+00,0.000000000000000000e+00,0.000000000000000000e+00,-3.000000000000000000e+01,0.000000000000000000e+00,0.000000000000000000e+00,0.000000000000000000e+00,2.517168003283491370e-02,-1.039496253096175993e-01,2.323241573715266461e-02,-1.340997528616651863e-02,5.298679375369825389e-02,4.684001219930501031e-02
0.000000000000000000e+00,0.000000000000000000e+00,0.000000000000000000e+00,0.000000000000000000e+00,0.000000000000000000e+00,-1.570796326794896558e+00,0.000000000000000000e+00,0.000000000000000000e+00,2.904657984039320674e-03,5.682411364636387116e-04,4.005060464426347944e-02,3.511785303301322159e-02,2.386845888992780718e-02,-9.664499729188018133e-04
0.000000000000000000e+00,0.000000000000000000e+00,0.000000000000000000e+00,0.000000000000000000e+00,0.000000000000000000e+00,0.000000000000000000e+00,-5.235987755982988157e-01,0.000000000000000000e+00,4.394031555882063102e-03,3.735792985180115150e-16,-3.021671815959630671e-03,-6.050923824411700099e-16,8.484148166169212801e-02,-1.382642777300078501e-16
0.000000000000000000e+00,0.000000000000000000e+00,0.000000000000000000e+00,0.000000000000000000e+00,0.000000000000000000e+00,0.000000000000000000e+00,0.000000000000000000e+00,-5.235987755982988157e-01,6.643088006996342859e-03,-1.663258584729419842e-02,5.427567538489545124e-02,-2.074534118770845863e-03,7.817025960576894084e-03,6.609129183020134683e-03
0.000000000000000000e+00,0.000000000000000000e+00,0.000000000000000000e+00,0.000000000000000000e+00,0.000000000000000000e+00,0.000000000000000000e+00,0.000000000000000000e+00,0.000000000000000000e+00,6.243168563078065406e-03,6.373106092749528980e-16,3.138224660919260861e-02,-7.514070815484018715e-16,3.303041777421045905e-02,-2.533301302252799320e-16
0.000000000000000000e+00,0.000000000000000000e+00,0.000000000000000000e+00,0.000000000000000000e+00,0.000000000000000000e+00,0.000000000000000000e+00,0.000000000000000000e+00,5.235987755982988157e-01,6.514120450192947137e-03,1.663059898556206589e-02,5.427837613280268175e-02,2.074096095594361519e-03,7.747494063337754047e-03,-6.608309269580828725e-03
0.000000000000000000e+00,0.000000000000000000e+00,0.000000000000000000e+00,0.000000000000000000e+00,0.000000000000000000e+00,0.000000000000000000e+00,5.235987755982988157e-01,0.000000000000000000e+00,6.715305842351789421e-03,5.852305527178891456e-16,8.712126763181984868e-02,-5.834682400165598808e-16,-4.219073376912705481e-02,-2.495814415517165589e-16
0.000000000000000000e+00,0.000000000000000000e+00,0.000000000000000000e+00,0.000000000000000000e+00,0.000000000000000000e+00,1.570796326794896558e+00,0.000000000000000000e+00,0.000000000000000000e+00,2.927234313260974798e-03,-5.695040002662454413e-04,4.005222081143610530e-02,-3.511814948179527163e-02,2.390335844330115922e-02,9.669887407129236197e-04
0.000000000000000000e+00,0.000000000000000000e+00,0.000000000000000000e+00,0.000000000000000000e+00,3.000000000000000000e+01,0.000000000000000000e+00,0.000000000000000000e+00,0.000000000000000000e+00,2.579708298171119740e-02,1.038397563052397693e-01,2.322762415329309924e-02,1.338834581968815704e-02,5.336009972932118095e-02,-4.679674597058300356e-02
0.000000000000000000e+00,0.000000000000000000e+00,0.000000000000000000e+00,2.000000000000000000e+01,0.000000000000000000e+00,0.000000000000000000e+00,0.000000000000000000e+00,0.000000000000000000e+00,4.085502137606311646e-02,3.979652412353849172e-02,3.103912919567264686e-02,-2.534852276067773441e-02,3.266120884428665855e-02,-1.373484807375302368e-02
0.000000000000000000e+00,0.000000000000000000e+00,1.000000000000000000e+01,0.000000000000000000e+00,0.000000000000000000e+00,0.000000000000000000e+00,0.000000000000000000e+00,0.000000000000000000e+00,2.026837390908261399e-02,2.824112868137922358e-16,1.620649967185552598e-01,-2.473747567656636279e-16,-1.223943494365764550e-01,-1.098429210168704686e-16
0.000000000000000000e+00,2.000000000000000000e+00,0.000000000000000000e+00,-2.000000000000000000e+01,0.000000000000000000e+00,0.000000000000000000e+00,0.000000000000000000e+00,0.000000000000000000e+00,4.315005472031248346e-02,-6.345660083624629633e-02,5.554354904281395139e-02,2.268067149054780324e-02,-8.693452826057402119e-03,2.262246642594933216e-02
0.000000000000000000e+00,2.000000000000000000e+00,0.000000000000000000e+00,0.000000000000000000e+00,-3.000000000000000000e+01,0.000000000000000000e+00,0.000000000000000000e+00,0.000000000000000000e+00,2.886756225116221888e-02,-1.289325875622301387e-01,4.313419936310464164e-02,-1.631887849944132704e-02,3.065923986609661589e-02,5.677573130023487458e-02
0.000000000000000000e+00,2.000000000000000000e+00,0.000000000000000000e+00,0.000000000000000000e+00,0.000000000000000000e+00,-1.570796326794896558e+00,0.000000000000000000e+00,0.000000000000000000e+00,3.920289409318104129e-03,-2.364946838443069549e-02,5.540754081891924310e-02,3.218232419747401457e-02,2.544689191433345456e-03,8.238514231730170376e-03
0.000000000000000000e+00,2.000000000000000000e+00,0.000000000000000000e+00,0.000000000000000000e+00,0.000000000000000000e+00,0.000000000000000000e+00,0.000000000000000000e+00,-5.235987755982988157e-01,7.008655430773142771e-03,-4.204375166800056879e-02,5.677681000700152830e-02,-4.102027887415387979e-03,4.704493116127428549e-03,1.635885968084731593e-02
0.000000000000000000e+00,2.000000000000000000e+00,0.000000000000000000e+00,0.000000000000000000e+00,0.000000000000000000e+00,0.000000000000000000e+00,0.000000000000000000e+00,0.000000000000000000e+00,7.267071998985697931e-03,-2.443666369351176620e-02,4.846105107692240399e-02,-2.708312139303079534e-03,1.409705980661207780e-02,9.345758868704453007e-03
0.000000000000000000e+00,2.000000000000000000e+00,0.000000000000000000e+00,0.000000000000000000e+00,0.000000000000000000e+00,0.000000000000000000e+00,0.000000000000000000e+00,5.235987755982988157e-01,7.041724568082247983e-03,-8.270735258081505364e-03,4.909721579316268097e-02,-2.822787090517842566e-04,1.343135205782604487e-02,2.928343528875202231e-03
0.000000000000000000e+00,2.000000000000000000e+00,0.000000000000000000e+00,0.000000000000000000e+00,0.000000000000000000e+00,1.570796326794896558e+00,0.000000000000000000e+00,0.000000000000000000e+00,3.447225322087810358e-03,-2.610882782974865979e-02,4.887707100034815316e-02,-3.713570196299357390e-02,1.763593002582405228e-02,1.070159522474751872e-02
0.000000000000000000e+00,2.000000000000000000e+00,0.000000000000000000e+00,0.000000000000000000e+00,3.000000000000000000e+01,0.000000000000000000e+00,0.000000000000000000e+00,0.000000000000000000e+00,2.426094062649444827e-02,8.002933754843649661e-02,3.742823665153064555e-02,1.059467095244084195e-02,3.793452201331018458e-02,-3.752042795243312051e-02
0.000000000000000000e+00,2.000000000000000000e+00,0.000000000000000000e+00,2.000000000000000000e+01,0.000000000000000000e+00,0.000000000000000000e+00,0.000000000000000000e+00,0.000000000000000000e+00,4.071317864164335915e-02,1.546896727792278908e-02,4.080043611783515378e-02,-2.819366755041359182e-02,3.621432100960729483e-02,-4.321505921238966846e-03
0.000000000000000000e+00,4.000000000000000000e+00,0.000000000000000000e+00,-2.000000000000000000e+01,0.000000000000000000e+00,0.000000000000000000e+00,0.000000000000000000e+00,0.000000000000000000e+00,4.515029637661825690e-02,-8.699558805331736311e-02,3.752162550839014538e-02,2.103092261371240432e-02,-3.954565121441366675e-03,3.190754282423396981e-02
0.000000000000000000e+00,4.000000000000000000e+00,0.000000000000000000e+00,0.000000000000000000e+00,-3.000000000000000000e+01,0.000000000000000000e+00,0.000000000000000000e+00,0.000000000000000000e+00,3.200967626909384522e-02,-1.538283489521894976e-01,3.216547949096912329e-02,-1.849743869291191681e-02,4.166582430514159663e-02,6.650056164437714856e-02
0.000000000000000000e+00,4.000000000000000000e+00,0.000000000000000000e+00,0.000000000000000000e+00,0.000000000000000000e+00,-1.570796326794896558e+00,0.000000000000000000e+00,0.000000000000000000e+00,4.893629701869335255e-03,-4.772848242765711374e-02,3.447056693246691728e-02,3.010317790783783795e-02,2.130812294832428247e-02,1.742644545797242261e-02
0.000000000000000000e+00,4.000000000000000000e+00,0.000000000000000000e+00,0.000000000000000000e+00,0.000000000000000000e+00,0.000000000000000000e+00,0.000000000000000000e+00,-5.235987755982988157e-01,5.035162079632545494e-03,-6.547128288676350161e-02,-3.659041855935950618e-03,-6.829336027685967321e-03,7.022913580442531611e-02,2.507790943206307868e-02
0.000000000000000000e+00,4.000000000000000000e+00,0.000000000000000000e+00,0.000000000000000000e+00,0.000000000000000000e+00,0.000000000000000000e+00,0.000000000000000000e+00,0.000000000000000000e+00,8.296564104681767790e-03,-4.978052292444515997e-02,4.181790265487526914e-02,-4.736507097361059362e-03,2.071477085922415057e-02,1.902173906543074694e-02
0.000000000000000000e+00,4.000000000000000000e+00,0.000000000000000000e+00,0.000000000000000000e+00,0.000000000000000000e+00,0.000000000000000000e+00,0.000000000000000000e+00,5.235987755982988157e-01,8.188756674203332211e-03,-3.274801903684150528e-02,3.838490065733209805e-02,-3.139394972556065408e-03,2.479640618968172866e-02,1.225151599806933479e-02
0.000000000000000000e+00,4.000000000000000000e+00,0.000000000000000000e+00,0.000000000000000000e+00,0.000000000000000000e+00,1.570796326794896558e+00,0.000000000000000000e+00,0.000000000000000000e+00,4.007506602923686760e-03,-5.158181187567602993e-02,3.407480833741274862e-02,-3.973624734931411467e-02,3.707142946109190373e-02,2.029725487552429958e-02
0.000000000000000000e+00,4.000000000000000000e+00,0.000000000000000000e+00,0.000000000000000000e+00,3.000000000000000000e+01,0.000000000000000000e+00,0.000000000000000000e+00,0.000000000000000000e+00,2.318137166683767111e-02,5.475814489959324183e-02,3.512073067853469649e-02,8.468784112768324226e-03,4.013472668162590407e-02,-2.762293153997940134e-02
0.000000000000000000e+00,4.000000000000000000e+00,0.000000000000000000e+00,2.000000000000000000e+01,0.000000000000000000e+00,0.000000000000000000e+00,0.000000000000000000e+00,0.000000000000000000e+00,4.112496517471637969e-02,-1.127170002352867982e-02,4.543294361429561085e-02,-3.070340771793849191e-02,4.488606199120948742e-02,5.884963656871340307e-03
0.000000000000000000e+00,6.000000000000000000e+00,0.000000000000000000e+00,-2.000000000000000000e+01,0.000000000000000000e+00,0.000000000000000000e+00,0.000000000000000000e+00,0.000000000000000000e+00,4.816432969691149257e-02,-1.107424591933350300e-01,4.631673085915873067e-02,1.941228779745061625e-02,-2.904067452201732416e-02,4.107585172181008742e-02
0.000000000000000000e+00,6.000000000000000000e+00,0.000000000000000000e+00,0.000000000000000000e+00,-3.000000000000000000e+01,0.000000000000000000e+00,0.000000000000000000e+00,0.000000000000000000e+00,3.634392216281694815e-02,-1.804057611411808981e-01,3.095684172196726258e-02,-2.107190591434603480e-02,4.151442664254603038e-02,7.683988781094935883e-02
0.000000000000000000e+00,6.000000000000000000e+00,0.000000000000000000e+00,0.000000000000000000e+00,0.000000000000000000e+00,-1.570796326794896558e+00,0.000000000000000000e+00,0.000000000000000000e+00,7.164525258635132988e-03,-7.224896062946624398e-02,4.028841417960990490e-02,2.773451167726609032e-02,9.824491473394383889e-03,2.678120106757734403e-02
0.000000000000000000e+00,6.000000000000000000e+00,0.000000000000000000e+00,0.000000000000000000e+00,0.000000000000000000e+00,0.000000000000000000e+00,0.000000000000000000e+00,-5.235987755982988157e-01,-3.689390180352300486e-02,-9.340152519103828155e-02,-2.076236886021593786e-01,-1.022619492669605244e-02,2.933511785993095922e-01,3.412939120566507722e-02
0.000000000000000000e+00,6.000000000000000000e+00,0.000000000000000000e+00,0.000000000000000000e+00,0.000000000000000000e+00,0.000000000000000000e+00,0.000000000000000000e+00,0.000000000000000000e+00,1.025124004652304410e-02,-7.632647254577390461e-02,3.936462237614716392e-02,-7.105913121572133596e-03,2.227431213116018091e-02,2.904570741245628140e-02
0.000000000000000000e+00,6.000000000000000000e+00,0.000000000000000000e+00,0.000000000000000000e+00,0.000000000000000000e+00,0.000000000000000000e+00,0.000000000000000000e+00,5.235987755982988157e-01,1.054895353893821330e-02,-6.216575624735332789e-02,5.069369046864232592e-02,-5.013976232569604050e-03,1.025447685854650494e-02,2.331973845910266865e-02
0.000000000000000000e+00,6.000000000000000000e+00,0.000000000000000000e+00,0.000000000000000000e+00,0.000000000000000000e+00,1.570796326794896558e+00,0.000000000000000000e+00,0.000000000000000000e+00,5.938104948023134426e-03,-8.003343394463371951e-02,3.641765261422904437e-02,-4.197777900769703724e-02,3.700656866241603532e-02,3.093707108104819248e-02
0.000000000000000000e+00,6.000000000000000000e+00,0.000000000000000000e+00,0.000000000000000000e+00,3.000000000000000000e+01,0.000000000000000000e+00,0.000000000000000000e+00,0.000000000000000000e+00,2.283426918377537418e-02,2.841790687113329023e-02,3.136461874986292558e-02,6.021288640293638930e-03,4.346919185109682920e-02,-1.744883736490682527e-02
0.000000000000000000e+00,6.000000000000000000e+00,0.000000000000000000e+00,2.000000000000000000e+01,0.000000000000000000e+00,0.000000000000000000e+00,0.000000000000000000e+00,0.000000000000000000e+00,4.172204869988861003e-02,-3.957613139429747712e-02,3.274065340524489470e-02,-3.377133123627477918e-02,7.196180704421993590e-02,1.617322945093455783e-02
5.000000000000000000e+00,0.000000000000000000e+00,-1.000000000000000000e+01,0.000000000000000000e+00,0.000000000000000000e+00,0.000000000000000000e+00,0.000000000000000000e+00,0.000000000000000000e+00,2.150749389967973602e-02,1.087822082637443841e-15,2.328440028940403639e-01,-1.438508065365049261e-15,1.619076248860415734e-01,-4.716083602813521574e-16
5.000000000000000000e+00,0.000000000000000000e+00,0.000000000000000000e+00,-2.000000000000000000e+01,0.000000000000000000e+00,0.000000000000000000e+00,0.000000000000000000e+00,0.000000000000000000e+00,5.796171643079262026e-02,-4.308229505267552328e-02,3.644110870238403410e-01,2.923259584857091503e-02,6.747939173134902789e-03,1.647469132137428099e-02
5.000000000000000000e+00,0.000000000000000000e+00,0.000000000000000000e+00,0.000000000000000000e+00,0.000000000000000000e+00,-1.570796326794896558e+00,0.000000000000000000e+00,0.000000000000000000e+00,1.628079222996542744e-02,-1.040575065198964810e-02,3.657871978951277026e-01,3.564176154093018356e-02,8.123950421446651457e-03,4.522547979886156616e-03
5.000000000000000000e+00,0.000000000000000000e+00,0.000000000000000000e+00,0.000000000000000000e+00,0.000000000000000000e+00,0.000000000000000000e+00,-5.235987755982988157e-01,0.000000000000000000e+00,1.471941391229397537e-02,7.811649871729670088e-16,3.190475621996253786e-01,-1.153526959898702752e-15,7.212801309590829990e-02,-3.327993649079859526e-16
5.000000000000000000e+00,0.000000000000000000e+00,0.000000000000000000e+00,0.000000000000000000e+00,0.000000000000000000e+00,0.000000000000000000e+00,0.000000000000000000e+00,-5.235987755982988157e-01,1.978233804504179322e-02,-1.503555345625454120e-02,3.644389557228043808e-01,-3.271827036020481024e-03,7.905451187200285626e-03,6.070183122466283471e-03
5.000000000000000000e+00,0.000000000000000000e+00,0.000000000000000000e+00,0.000000000000000000e+00,0.000000000000000000e+00,0.000000000000000000e+00,0.000000000000000000e+00,0.000000000000000000e+00,1.994788895732342235e-02,5.743858424286930980e-16,3.645040458377663550e-01,-8.785791114812114160e-16,7.832686552707713093e-03,-2.405619629523127762e-16
5.000000000000000000e+00,0.000000000000000000e+00,0.000000000000000000e+00,0.000000000000000000e+00,0.000000000000000000e+00,0.000000000000000000e+00,0.000000000000000000e+00,5.235987755982988157e-01,1.966703994668863101e-02,1.503389403197145577e-02,3.644548671403585183e-01,3.271440984685318118e-03,7.838755245326409563e-03,-6.069482233191921677e-03
5.000000000000000000e+00,0.000000000000000000e+00,0.000000000000000000e+00,0.000000000000000000e+00,0.000000000000000000e+00,0.000000000000000000e+00,5.235987755982988157e-01,0.000000000000000000e+00,2.305013870856835803e-02,2.852165234307156610e-16,4.104356888351036736e-01,-6.202799343527665524e-16,-5.670442067223842308e-02,-8.736893392941917503e-17
5.000000000000000000e+00,0.000000000000000000e+00,0.000000000000000000e+00,0.000000000000000000e+00,0.000000000000000000e+00,1.570796326794896558e+00,0.000000000000000000e+00,0.000000000000000000e+00,1.629276808212832411e-02,1.040462450135585908e-02,3.657972066997756122e-01,-3.564201218862029369e-02,8.143048338731513278e-03,-4.522079894271941250e-03
5.000000000000000000e+00,0.000000000000000000e+00,0.000000000000000000e+00,2.000000000000000000e+01,0.000000000000000000e+00,0.000000000000000000e+00,0.000000000000000000e+00,0.000000000000000000e+00,5.755933499620319999e-02,4.306356875836683112e-02,3.644781160726638380e-01,-2.923584342885948706e-02,6.535848324878325115e-03,-1.646764909079316205e-02
5.000000000000000000e+00,0.000000000000000000e+00,1.000000000000000000e+01,0.000000000000000000e+00,0.000000000000000000e+00,0.000000000000000000e+00,0.000000000000000000e+00,0.000000000000000000e+00,4.391901323297359161e-02,1.678331811835207951e-16,4.952738315098529909e-01,-3.539125403522186064e-16,-1.491900646900635174e-01,-3.337160315830147488e-17
1.000000000000000000e+01,0.000000000000000000e+00,-1.000000000000000000e+01,0.000000000000000000e+00,0.000000000000000000e+00,0.000000000000000000e+00,0.000000000000000000e+00,0.000000000000000000e+00,5.187767843993919270e-02,1.808209169498151544e-15,5.706456838254394537e-01,-2.055310719845851581e-15,1.296144963070096634e-01,-8.260471575065894550e-16
1.000000000000000000e+01,0.000000000000000000e+00,0.000000000000000000e+00,-2.000000000000000000e+01,0.000000000000000000e+00,0.000000000000000000e+00,0.000000000000000000e+00,0.000000000000000000e+00,9.915326025328127790e-02,-4.749079094890671510e-02,7.023643944532219630e-01,3.192456355431286946e-02,-2.611351334093593018e-02,2.024292704174773111e-02
1.000000000000000000e+01,0.000000000000000000e+00,0.000000000000000000e+00,0.000000000000000000e+00,0.000000000000000000e+00,-1.570796326794896558e+00,0.000000000000000000e+00,0.000000000000000000e+00,5.603781942366885954e-02,-2.589703028991113820e-02,7.060796518670079402e-01,3.677538088654100368e-02,-2.461003079788192521e-02,1.181419080932227285e-02
1.000000000000000000e+01,0.000000000000000000e+00,0.000000000000000000e+00,0.000000000000000000e+00,0.000000000000000000e+00,0.000000000000000000e+00,-5.235987755982988157e-01,0.000000000000000000e+00,5.196184763051886479e-02,2.073954044132882286e-15,6.579361082760190049e-01,-1.817143086127690091e-15,3.939720521194671476e-02,-8.660306954343547683e-16
1.000000000000000000e+01,0.000000000000000000e+00,0.000000000000000000e+00,0.000000000000000000e+00,0.000000000000000000e+00,0.000000000000000000e+00,0.000000000000000000e+00,-5.235987755982988157e-01,5.928932544391425641e-02,-1.390056797793378165e-02,7.022870047764241397e-01,-4.467501891457911420e-03,-2.380566578626161500e-02,5.583361786600471617e-03
1.000000000000000000e+01,0.000000000000000000e+00,0.000000000000000000e+00,0.000000000000000000e+00,0.000000000000000000e+00,0.000000000000000000e+00,0.000000000000000000e+00,0.000000000000000000e+00,5.942436439300688433e-02,1.235576076746193479e-15,7.023756161811236520e-01,-1.492427476003603178e-15,-2.396011734198784382e-02,-5.584283484176123588e-16
1.000000000000000000e+01,0.000000000000000000e+00,0.000000000000000000e+00,0.000000000000000000e+00,0.000000000000000000e+00,0.000000000000000000e+00,0.000000000000000000e+00,5.235987755982988157e-01,5.919605801097396064e-02,1.389943450763617659e-02,7.023185557859871198e-01,4.467234465934528422e-03,-2.386819495569000166e-02,-5.582878263367701231e-03
1.000000000000000000e+01,0.000000000000000000e+00,0.000000000000000000e+00,0.000000000000000000e+00,0.000000000000000000e+00,0.000000000000000000e+00,5.235987755982988157e-01,0.000000000000000000e+00,6.490192276332394650e-02,7.952414500209831241e-16,7.477386132499656002e-01,-1.391815937565089254e-15,-8.782849553527936892e-02,-3.243816139488017861e-16
1.000000000000000000e+01,0.000000000000000000e+00,0.000000000000000000e+00,0.000000000000000000e+00,0.000000000000000000e+00,1.570796326794896558e+00,0.000000000000000000e+00,0.000000000000000000e+00,5.602746160507709322e-02,2.589576171207888869e-02,7.061097245672203204e-01,-3.677560182186267318e-02,-2.462140123082819099e-02,-1.181371313746903094e-02
1.000000000000000000e+01,0.000000000000000000e+00,0.000000000000000000e+00,2.000000000000000000e+01,0.000000000000000000e+00,0.000000000000000000e+00,0.000000000000000000e+00,0.000000000000000000e+00,9.878251092816461854e-02,4.747029107674490683e-02,7.024904504598652455e-01,-3.192857601517498645e-02,-2.637192077635396384e-02,-2.023486721159557453e-02
1.000000000000000000e+01,0.000000000000000000e+00,1.000000000000000000e+01,0.000000000000000000e+00,0.000000000000000000e+00,0.000000000000000000e+00,0.000000000000000000e+00,0.000000000000000000e+00,9.299499736562857888e-02,8.312760164042926121e-16,8.319062085764439285e-01,-9.775707489342188321e-16,-1.818368305922370143e-01,-3.323753394762755804e-16
