-1.000000000000000000e+01,0.000000000000000000e+00,-1.000000000000000000e+01,0.000000000000000000e+00,0.000000000000000000e+00,0.000000000000000000e+00,0.000000000000000000e+00,0.000000000000000000e+00,1.855626762537317953e-01,0.000000000000000000e+00,-8.283620604431087830e-01,0.000000000000000000e+00,6.089999999999999580e-02,0.000000000000000000e+00
-1.000000000000000000e+01,0.000000000000000000e+00,0.000000000000000000e+00,-2.000000000000000000e+01,0.000000000000000000e+00,0.000000000000000000e+00,0.000000000000000000e+00,0.000000000000000000e+00,1.479546224759979434e-01,-2.170000000000000054e-02,-7.100959017541115248e-01,4.039999999999999841e-02,-4.569999999999999063e-02,1.080000000000000057e-02
-1.000000000000000000e+01,0.000000000000000000e+00,0.000000000000000000e+00,0.000000000000000000e+00,0.000000000000000000e+00,-1.570796326794896558e+00,0.000000000000000000e+00,0.000000000000000000e+00,1.479546224759979434e-01,1.140395990077006615e-02,-7.100959017541115248e-01,3.811908601928713086e-02,-4.569999999999999063e-02,-6.448478718262739759e-03
-1.000000000000000000e+01,0.000000000000000000e+00,0.000000000000000000e+00,0.000000000000000000e+00,0.000000000000000000e+00,0.000000000000000000e+00,-5.235987755982988157e-01,0.000000000000000000e+00,1.648042167932326219e-01,0.000000000000000000e+00,-8.261325765286124945e-01,0.000000000000000000e+00,5.028390565716503446e-02,0.000000000000000000e+00
-1.000000000000000000e+01,0.000000000000000000e+00,0.000000000000000000e+00,0.000000000000000000e+00,0.000000000000000000e+00,0.000000000000000000e+00,0.000000000000000000e+00,-5.235987755982988157e-01,1.479546224759979434e-01,-3.113058691575115028e-02,-7.100959017541115248e-01,4.447226702250164573e-03,-4.569999999999999063e-02,1.341227100678621040e-02
-1.000000000000000000e+01,0.000000000000000000e+00,0.000000000000000000e+00,0.000000000000000000e+00,0.000000000000000000e+00,0.000000000000000000e+00,0.000000000000000000e+00,0.000000000000000000e+00,1.479546224759979434e-01,0.000000000000000000e+00,-7.100959017541115248e-01,0.000000000000000000e+00,-4.569999999999999063e-02,0.000000000000000000e+00
-1.000000000000000000e+01,0.000000000000000000e+00,0.000000000000000000e+00,0.000000000000000000e+00,0.000000000000000000e+00,0.000000000000000000e+00,0.000000000000000000e+00,5.235987755982988157e-01,1.479546224759979434e-01,3.113058691575115028e-02,-7.100959017541115248e-01,-4.447226702250164573e-03,-4.569999999999999063e-02,-1.341227100678621040e-02
-1.000000000000000000e+01,0.000000000000000000e+00,0.000000000000000000e+00,0.000000000000000000e+00,0.000000000000000000e+00,0.000000000000000000e+00,5.235987755982988157e-01,0.000000000000000000e+00,1.311050281587632649e-01,0.000000000000000000e+00,-5.940592269796105551e-01,0.000000000000000000e+00,-1.416839056571650157e-01,0.000000000000000000e+00
-1.000000000000000000e+01,0.000000000000000000e+00,0.000000000000000000e+00,0.000000000000000000e+00,0.000000000000000000e+00,1.570796326794896558e+00,0.000000000000000000e+00,0.000000000000000000e+00,1.479546224759979434e-01,-1.140395990077006615e-02,-7.100959017541115248e-01,-3.811908601928713086e-02,-4.569999999999999063e-02,6.448478718262739759e-03
-1.000000000000000000e+01,0.000000000000000000e+00,0.000000000000000000e+00,2.000000000000000000e+01,0.000000000000000000e+00,0.000000000000000000e+00,0.000000000000000000e+00,0.000000000000000000e+00,1.479546224759979434e-01,2.170000000000000054e-02,-7.100959017541115248e-01,-4.039999999999999841e-02,-4.569999999999999063e-02,-1.080000000000000057e-02
-1.000000000000000000e+01,0.000000000000000000e+00,1.000000000000000000e+01,0.000000000000000000e+00,0.000000000000000000e+00,0.000000000000000000e+00,0.000000000000000000e+00,0.000000000000000000e+00,1.421172827031069452e-01,0.000000000000000000e+00,-6.136442275106033239e-01,0.000000000000000000e+00,-1.585000000000000020e-01,0.000000000000000000e+00
-5.000000000000000000e+00,0.000000000000000000e+00,-1.000000000000000000e+01,0.000000000000000000e+00,0.000000000000000000e+00,0.000000000000000000e+00,0.000000000000000000e+00,0.000000000000000000e+00,5.801230874280588479e-02,0.000000000000000000e+00,-3.131354691412797653e-01,0.000000000000000000e+00,6.229999999999999427e-02,0.000000000000000000e+00
-5.000000000000000000e+00,0.000000000000000000e+00,0.000000000000000000e+00,-2.000000000000000000e+01,0.000000000000000000e+00,0.000000000000000000e+00,0.000000000000000000e+00,0.000000000000000000e+00,4.114004028401743729e-02,-1.949999999999999997e-02,-2.453480325688988106e-01,5.179999999999999882e-02,-1.969999999999999876e-02,1.129999999999999928e-02
-5.000000000000000000e+00,0.000000000000000000e+00,0.000000000000000000e+00,0.000000000000000000e+00,0.000000000000000000e+00,-1.570796326794896558e+00,0.000000000000000000e+00,0.000000000000000000e+00,4.114004028401743729e-02,1.143572580578614169e-02,-2.453480325688988106e-01,3.801319966923355498e-02,-1.969999999999999876e-02,-5.453147027759130266e-03
-5.000000000000000000e+00,0.000000000000000000e+00,0.000000000000000000e+00,0.000000000000000000e+00,0.000000000000000000e+00,0.000000000000000000e+00,-5.235987755982988157e-01,0.000000000000000000e+00,6.962805211068909261e-02,0.000000000000000000e+00,-5.877764472524326100e-01,0.000000000000000000e+00,-1.250819910436115970e-02,0.000000000000000000e+00
-5.000000000000000000e+00,0.000000000000000000e+00,0.000000000000000000e+00,0.000000000000000000e+00,0.000000000000000000e+00,0.000000000000000000e+00,0.000000000000000000e+00,-5.235987755982988157e-01,4.114004028401743729e-02,-3.007172341521540185e-02,-2.453480325688988106e-01,9.176817004643204965e-04,-1.969999999999999876e-02,1.281224835648261777e-02
-5.000000000000000000e+00,0.000000000000000000e+00,0.000000000000000000e+00,0.000000000000000000e+00,0.000000000000000000e+00,0.000000000000000000e+00,0.000000000000000000e+00,0.000000000000000000e+00,4.114004028401743729e-02,0.000000000000000000e+00,-2.453480325688988106e-01,0.000000000000000000e+00,-1.969999999999999876e-02,0.000000000000000000e+00
-5.000000000000000000e+00,0.000000000000000000e+00,0.000000000000000000e+00,0.000000000000000000e+00,0.000000000000000000e+00,0.000000000000000000e+00,0.000000000000000000e+00,5.235987755982988157e-01,4.114004028401743729e-02,3.007172341521540185e-02,-2.453480325688988106e-01,-9.176817004643204965e-04,-1.969999999999999876e-02,-1.281224835648261777e-02
-5.000000000000000000e+00,0.000000000000000000e+00,0.000000000000000000e+00,0.000000000000000000e+00,0.000000000000000000e+00,0.000000000000000000e+00,5.235987755982988157e-01,0.000000000000000000e+00,1.265202845734579064e-02,0.000000000000000000e+00,9.708038211463498879e-02,0.000000000000000000e+00,-2.689180089563883783e-02,0.000000000000000000e+00
-5.000000000000000000e+00,0.000000000000000000e+00,0.000000000000000000e+00,0.000000000000000000e+00,0.000000000000000000e+00,1.570796326794896558e+00,0.000000000000000000e+00,0.000000000000000000e+00,4.114004028401743729e-02,-1.143572580578614169e-02,-2.453480325688988106e-01,-3.801319966923355498e-02,-1.969999999999999876e-02,5.453147027759130266e-03
-5.000000000000000000e+00,0.000000000000000000e+00,0.000000000000000000e+00,2.000000000000000000e+01,0.000000000000000000e+00,0.000000000000000000e+00,0.000000000000000000e+00,0.000000000000000000e+00,4.114004028401743729e-02,1.949999999999999997e-02,-2.453480325688988106e-01,-5.179999999999999882e-02,-1.969999999999999876e-02,-1.129999999999999928e-02
-5.000000000000000000e+00,0.000000000000000000e+00,1.000000000000000000e+01,0.000000000000000000e+00,0.000000000000000000e+00,0.000000000000000000e+00,0.000000000000000000e+00,0.000000000000000000e+00,4.574836681619207090e-02,0.000000000000000000e+00,-1.626316295609533114e-01,0.000000000000000000e+00,-1.341000000000000247e-01,0.000000000000000000e+00
0.000000000000000000e+00,-6.000000000000000000e+00,0.000000000000000000e+00,-2.000000000000000000e+01,0.000000000000000000e+00,0.000000000000000000e+00,0.000000000000000000e+00,0.000000000000000000e+00,2.680751948589810835e-02,8.094125585270589562e-02,1.069999999999999979e-01,6.040000000000000924e-02,-9.600000000000000894e-03,-8.500000000000000611e-03
0.000000000000000000e+00,-6.000000000000000000e+00,0.000000000000000000e+00,0.000000000000000000e+00,-3.000000000000000000e+01,0.000000000000000000e+00,0.000000000000000000e+00,0.000000000000000000e+00,2.057762307514596212e-02,2.166775088875679683e-02,1.069999999999999979e-01,-5.400000000000002021e-03,-9.600000000000000894e-03,2.450000000000000441e-02
0.000000000000000000e+00,-6.000000000000000000e+00,0.000000000000000000e+00,0.000000000000000000e+00,0.000000000000000000e+00,-1.570796326794896558e+00,0.000000000000000000e+00,0.000000000000000000e+00,3.188522331845388552e-02,1.292523807062443408e-01,1.069999999999999979e-01,5.691942577384104252e-02,-9.600000000000000894e-03,-2.786491972786628302e-02
0.000000000000000000e+00,-6.000000000000000000e+00,0.000000000000000000e+00,0.000000000000000000e+00,0.000000000000000000e+00,0.000000000000000000e+00,0.000000000000000000e+00,-5.235987755982988157e-01,2.654115761865476902e-02,7.840699197104550322e-02,1.069999999999999979e-01,7.537561653855273658e-03,-9.600000000000000894e-03,-8.893615343267364734e-03
0.000000000000000000e+00,-6.000000000000000000e+00,0.000000000000000000e+00,0.000000000000000000e+00,0.000000000000000000e+00,0.000000000000000000e+00,0.000000000000000000e+00,0.000000000000000000e+00,2.976567499637270200e-02,1.090862254916280111e-01,1.069999999999999979e-01,9.799999999999999684e-03,-9.600000000000000894e-03,-2.220000000000000098e-02
0.000000000000000000e+00,-6.000000000000000000e+00,0.000000000000000000e+00,0.000000000000000000e+00,0.000000000000000000e+00,0.000000000000000000e+00,0.000000000000000000e+00,5.235987755982988157e-01,3.299019237409063499e-02,1.397654590122105467e-01,1.069999999999999979e-01,1.206243834614472571e-02,-9.600000000000000894e-03,-3.550638465673263550e-02
0.000000000000000000e+00,-6.000000000000000000e+00,0.000000000000000000e+00,0.000000000000000000e+00,0.000000000000000000e+00,1.570796326794896558e+00,0.000000000000000000e+00,0.000000000000000000e+00,2.764612667429151849e-02,8.892007027701169519e-02,1.069999999999999979e-01,-3.731942577384103621e-02,-9.600000000000000894e-03,-1.653508027213371895e-02
0.000000000000000000e+00,-6.000000000000000000e+00,0.000000000000000000e+00,0.000000000000000000e+00,3.000000000000000000e+01,0.000000000000000000e+00,0.000000000000000000e+00,0.000000000000000000e+00,3.895372691759944189e-02,1.965047000944992461e-01,1.069999999999999979e-01,2.500000000000000139e-02,-9.600000000000000894e-03,-6.890000000000000291e-02
0.000000000000000000e+00,-6.000000000000000000e+00,0.000000000000000000e+00,2.000000000000000000e+01,0.000000000000000000e+00,0.000000000000000000e+00,0.000000000000000000e+00,0.000000000000000000e+00,3.272383050684729566e-02,1.372311951305501543e-01,1.069999999999999979e-01,-4.080000000000000293e-02,-9.600000000000000894e-03,-3.590000000000000135e-02
0.000000000000000000e+00,-4.000000000000000000e+00,0.000000000000000000e+00,-2.000000000000000000e+01,0.000000000000000000e+00,0.000000000000000000e+00,0.000000000000000000e+00,0.000000000000000000e+00,2.222807653734213545e-02,4.836726799654969544e-02,9.900000000000000466e-02,5.679999999999999633e-02,-8.099999999999999561e-03,-1.399999999999998468e-03
0.000000000000000000e+00,-4.000000000000000000e+00,0.000000000000000000e+00,0.000000000000000000e+00,-3.000000000000000000e+01,0.000000000000000000e+00,0.000000000000000000e+00,0.000000000000000000e+00,1.767297880185075137e-02,-1.677366448541682889e-02,9.900000000000000466e-02,-9.000000000000001055e-03,-8.099999999999999561e-03,3.370000000000000079e-02
0.000000000000000000e+00,-4.000000000000000000e+00,0.000000000000000000e+00,0.000000000000000000e+00,0.000000000000000000e+00,-1.570796326794896558e+00,0.000000000000000000e+00,0.000000000000000000e+00,2.525391956392845222e-02,9.163883926495974830e-02,9.900000000000000466e-02,5.311942577384103775e-02,-8.099999999999999561e-03,-1.916491972786628362e-02
0.000000000000000000e+00,-4.000000000000000000e+00,0.000000000000000000e+00,0.000000000000000000e+00,0.000000000000000000e+00,0.000000000000000000e+00,0.000000000000000000e+00,-5.235987755982988157e-01,2.168758780106328637e-02,4.063791896351388877e-02,9.900000000000000466e-02,3.737561653855273665e-03,-8.099999999999999561e-03,-1.936153432673635988e-04
0.000000000000000000e+00,-4.000000000000000000e+00,0.000000000000000000e+00,0.000000000000000000e+00,0.000000000000000000e+00,0.000000000000000000e+00,0.000000000000000000e+00,0.000000000000000000e+00,2.383945108083142944e-02,7.141099755755163370e-02,9.900000000000000466e-02,6.000000000000000125e-03,-8.099999999999999561e-03,-1.349999999999999985e-02
0.000000000000000000e+00,-4.000000000000000000e+00,0.000000000000000000e+00,0.000000000000000000e+00,0.000000000000000000e+00,0.000000000000000000e+00,0.000000000000000000e+00,5.235987755982988157e-01,2.599131436059957251e-02,1.021840761515893786e-01,9.900000000000000466e-02,8.262438346144726151e-03,-8.099999999999999561e-03,-2.680638465673263610e-02
0.000000000000000000e+00,-4.000000000000000000e+00,0.000000000000000000e+00,0.000000000000000000e+00,0.000000000000000000e+00,1.570796326794896558e+00,0.000000000000000000e+00,0.000000000000000000e+00,2.242498259773440666e-02,5.118315585014351909e-02,9.900000000000000466e-02,-4.111942577384104097e-02,-8.099999999999999561e-03,-7.835080272133717813e-03
0.000000000000000000e+00,-4.000000000000000000e+00,0.000000000000000000e+00,0.000000000000000000e+00,3.000000000000000000e+01,0.000000000000000000e+00,0.000000000000000000e+00,0.000000000000000000e+00,3.000592335981210751e-02,1.595956596005200789e-01,9.900000000000000466e-02,2.100000000000000130e-02,-8.099999999999999561e-03,-6.069999999999999701e-02
0.000000000000000000e+00,-4.000000000000000000e+00,0.000000000000000000e+00,2.000000000000000000e+01,0.000000000000000000e+00,0.000000000000000000e+00,0.000000000000000000e+00,0.000000000000000000e+00,2.545082562432072343e-02,9.445472711855357195e-02,9.900000000000000466e-02,-4.479999999999999954e-02,-8.099999999999999561e-03,-2.560000000000000123e-02
0.000000000000000000e+00,-2.000000000000000000e+00,0.000000000000000000e+00,-2.000000000000000000e+01,0.000000000000000000e+00,0.000000000000000000e+00,0.000000000000000000e+00,0.000000000000000000e+00,2.031619023292120102e-02,1.730151480130445729e-02,9.900000000000000466e-02,5.419999999999999818e-02,-8.099999999999999561e-03,4.600000000000000790e-03
0.000000000000000000e+00,-2.000000000000000000e+00,0.000000000000000000e+00,0.000000000000000000e+00,-3.000000000000000000e+01,0.000000000000000000e+00,0.000000000000000000e+00,0.000000000000000000e+00,1.796047420550238652e-02,-5.015736602248451609e-02,9.900000000000000466e-02,-1.200000000000000025e-02,-8.099999999999999561e-03,3.989999999999999797e-02
0.000000000000000000e+00,-2.000000000000000000e+00,0.000000000000000000e+00,0.000000000000000000e+00,0.000000000000000000e+00,-1.570796326794896558e+00,0.000000000000000000e+00,0.000000000000000000e+00,2.170090580109810055e-02,5.695458053641450080e-02,9.900000000000000466e-02,5.001942577384103916e-02,-8.099999999999999561e-03,-1.186491972786628268e-02
0.000000000000000000e+00,-2.000000000000000000e+00,0.000000000000000000e+00,0.000000000000000000e+00,0.000000000000000000e+00,0.000000000000000000e+00,0.000000000000000000e+00,-5.235987755982988157e-01,1.991665300106863420e-02,5.860265434019400199e-03,9.900000000000000466e-02,6.375616538552733407e-04,-8.099999999999999561e-03,7.106384656732636466e-03
0.000000000000000000e+00,-2.000000000000000000e+00,0.000000000000000000e+00,0.000000000000000000e+00,0.000000000000000000e+00,0.000000000000000000e+00,0.000000000000000000e+00,0.000000000000000000e+00,2.099324046894971915e-02,3.668969684547491311e-02,9.900000000000000466e-02,2.899999999999999800e-03,-8.099999999999999561e-03,-6.199999999999999782e-03
0.000000000000000000e+00,-2.000000000000000000e+00,0.000000000000000000e+00,0.000000000000000000e+00,0.000000000000000000e+00,0.000000000000000000e+00,0.000000000000000000e+00,5.235987755982988157e-01,2.206982793683080410e-02,6.751912825693043296e-02,9.900000000000000466e-02,5.162438346144725826e-03,-8.099999999999999561e-03,-1.950638465673263516e-02
0.000000000000000000e+00,-2.000000000000000000e+00,0.000000000000000000e+00,0.000000000000000000e+00,0.000000000000000000e+00,1.570796326794896558e+00,0.000000000000000000e+00,0.000000000000000000e+00,2.028557513680134122e-02,1.642481315453532889e-02,9.900000000000000466e-02,-4.421942577384103956e-02,-8.099999999999999561e-03,-5.350802721337177478e-04
0.000000000000000000e+00,-2.000000000000000000e+00,0.000000000000000000e+00,0.000000000000000000e+00,3.000000000000000000e+01,0.000000000000000000e+00,0.000000000000000000e+00,0.000000000000000000e+00,2.402600673239705525e-02,1.235367597134343493e-01,9.900000000000000466e-02,1.779999999999999985e-02,-8.099999999999999561e-03,-5.229999999999999233e-02
0.000000000000000000e+00,-2.000000000000000000e+00,0.000000000000000000e+00,2.000000000000000000e+01,0.000000000000000000e+00,0.000000000000000000e+00,0.000000000000000000e+00,0.000000000000000000e+00,2.167029070497823728e-02,5.607787888964536893e-02,9.900000000000000466e-02,-4.839999999999999858e-02,-8.099999999999999561e-03,-1.700000000000000122e-02
0.000000000000000000e+00,0.000000000000000000e+00,-1.000000000000000000e+01,0.000000000000000000e+00,0.000000000000000000e+00,0.000000000000000000e+00,0.000000000000000000e+00,0.000000000000000000e+00,3.300000000000000155e-02,0.000000000000000000e+00,1.100000000000000977e-02,0.000000000000000000e+00,9.510000000000000397e-02,0.000000000000000000e+00
0.000000000000000000e+00,0.000000000000000000e+00,0.000000000000000000e+00,-2.000000000000000000e+01,0.000000000000000000e+00,0.000000000000000000e+00,0.000000000000000000e+00,0.000000000000000000e+00,2.019999999999999921e-02,-2.120000000000000009e-02,1.000000000000000056e-01,5.099999999999999672e-02,-7.700000000000001982e-03,9.900000000000000813e-03
0.000000000000000000e+00,0.000000000000000000e+00,0.000000000000000000e+00,0.000000000000000000e+00,-3.000000000000000000e+01,0.000000000000000000e+00,0.000000000000000000e+00,0.000000000000000000e+00,2.019999999999999921e-02,-8.590000000000000413e-02,1.000000000000000056e-01,-1.460000000000000013e-02,-7.700000000000001982e-03,4.510000000000000120e-02
0.000000000000000000e+00,0.000000000000000000e+00,0.000000000000000000e+00,0.000000000000000000e+00,0.000000000000000000e+00,-1.570796326794896558e+00,0.000000000000000000e+00,0.000000000000000000e+00,2.019999999999999921e-02,2.027723603525968463e-02,1.000000000000000056e-01,4.711942577384103936e-02,-7.700000000000001982e-03,-5.664919727866282034e-03
0.000000000000000000e+00,0.000000000000000000e+00,0.000000000000000000e+00,0.000000000000000000e+00,0.000000000000000000e+00,0.000000000000000000e+00,-5.235987755982988157e-01,0.000000000000000000e+00,2.392908194588680079e-02,0.000000000000000000e+00,-2.848945294147452456e-01,0.000000000000000000e+00,6.195392348924283477e-02,0.000000000000000000e+00
0.000000000000000000e+00,0.000000000000000000e+00,0.000000000000000000e+00,0.000000000000000000e+00,0.000000000000000000e+00,0.000000000000000000e+00,0.000000000000000000e+00,-5.235987755982988157e-01,2.019999999999999921e-02,-3.084822331560828357e-02,1.000000000000000056e-01,-2.262438346144726459e-03,-7.700000000000001982e-03,1.330638465673263625e-02
0.000000000000000000e+00,0.000000000000000000e+00,0.000000000000000000e+00,0.000000000000000000e+00,0.000000000000000000e+00,0.000000000000000000e+00,0.000000000000000000e+00,0.000000000000000000e+00,2.019999999999999921e-02,0.000000000000000000e+00,1.000000000000000056e-01,0.000000000000000000e+00,-7.700000000000001982e-03,0.000000000000000000e+00
0.000000000000000000e+00,0.000000000000000000e+00,0.000000000000000000e+00,0.000000000000000000e+00,0.000000000000000000e+00,0.000000000000000000e+00,0.000000000000000000e+00,5.235987755982988157e-01,2.019999999999999921e-02,3.084822331560828357e-02,1.000000000000000056e-01,2.262438346144726459e-03,-7.700000000000001982e-03,-1.330638465673263625e-02
0.000000000000000000e+00,0.000000000000000000e+00,0.000000000000000000e+00,0.000000000000000000e+00,0.000000000000000000e+00,0.000000000000000000e+00,5.235987755982988157e-01,0.000000000000000000e+00,1.647091805411319762e-02,0.000000000000000000e+00,4.848945294147452012e-01,0.000000000000000000e+00,-7.735392348924283179e-02,0.000000000000000000e+00
0.000000000000000000e+00,0.000000000000000000e+00,0.000000000000000000e+00,0.000000000000000000e+00,0.000000000000000000e+00,1.570796326794896558e+00,0.000000000000000000e+00,0.000000000000000000e+00,2.019999999999999921e-02,-2.027723603525968463e-02,1.000000000000000056e-01,-4.711942577384103936e-02,-7.700000000000001982e-03,5.664919727866282034e-03
0.000000000000000000e+00,0.000000000000000000e+00,0.000000000000000000e+00,0.000000000000000000e+00,3.000000000000000000e+01,0.000000000000000000e+00,0.000000000000000000e+00,0.000000000000000000e+00,2.019999999999999921e-02,8.590000000000000413e-02,1.000000000000000056e-01,1.460000000000000013e-02,-7.700000000000001982e-03,-4.510000000000000120e-02
0.000000000000000000e+00,0.000000000000000000e+00,0.000000000000000000e+00,2.000000000000000000e+01,0.000000000000000000e+00,0.000000000000000000e+00,0.000000000000000000e+00,0.000000000000000000e+00,2.019999999999999921e-02,2.120000000000000009e-02,1.000000000000000056e-01,-5.099999999999999672e-02,-7.700000000000001982e-03,-9.900000000000000813e-03
0.000000000000000000e+00,0.000000000000000000e+00,1.000000000000000000e+01,0.000000000000000000e+00,0.000000000000000000e+00,0.000000000000000000e+00,0.000000000000000000e+00,0.000000000000000000e+00,3.189999999999999780e-02,0.000000000000000000e+00,1.890000000000000013e-01,0.000000000000000000e+00,-1.089000000000000107e-01,0.000000000000000000e+00
0.000000000000000000e+00,2.000000000000000000e+00,0.000000000000000000e+00,-2.000000000000000000e+01,0.000000000000000000e+00,0.000000000000000000e+00,0.000000000000000000e+00,0.000000000000000000e+00,2.158431142095732988e-02,-5.648112517012326278e-02,1.010000000000000064e-01,4.850000000000000144e-02,-7.599999999999999117e-03,1.589999999999999747e-02
0.000000000000000000e+00,2.000000000000000000e+00,0.000000000000000000e+00,0.000000000000000000e+00,-3.000000000000000000e+01,0.000000000000000000e+00,0.000000000000000000e+00,0.000000000000000000e+00,2.411801488155890238e-02,-1.290368992117096048e-01,1.010000000000000064e-01,-1.690000000000000183e-02,-7.599999999999999117e-03,5.160000000000000003e-02
0.000000000000000000e+00,2.000000000000000000e+00,0.000000000000000000e+00,0.000000000000000000e+00,0.000000000000000000e+00,-1.570796326794896558e+00,0.000000000000000000e+00,0.000000000000000000e+00,2.018563605409943312e-02,-1.642830310420557646e-02,1.010000000000000064e-01,4.441942577384103835e-02,-7.599999999999999117e-03,9.350802721337179296e-04
0.000000000000000000e+00,2.000000000000000000e+00,0.000000000000000000e+00,0.000000000000000000e+00,0.000000000000000000e+00,0.000000000000000000e+00,0.000000000000000000e+00,-5.235987755982988157e-01,2.196988885412889600e-02,-6.752261820660067360e-02,1.010000000000000064e-01,-4.962438346144727036e-03,-7.599999999999999117e-03,1.990638465673263621e-02
0.000000000000000000e+00,2.000000000000000000e+00,0.000000000000000000e+00,0.000000000000000000e+00,0.000000000000000000e+00,0.000000000000000000e+00,0.000000000000000000e+00,0.000000000000000000e+00,2.089330138624781105e-02,-3.669318679514516762e-02,1.010000000000000064e-01,-2.700000000000000143e-03,-7.599999999999999117e-03,6.599999999999999964e-03
0.000000000000000000e+00,2.000000000000000000e+00,0.000000000000000000e+00,0.000000000000000000e+00,0.000000000000000000e+00,0.000000000000000000e+00,0.000000000000000000e+00,5.235987755982988157e-01,1.981671391836672610e-02,-5.863755383689650373e-03,1.010000000000000064e-01,-4.375616538552736835e-04,-7.599999999999999117e-03,-6.706384656732636285e-03
0.000000000000000000e+00,2.000000000000000000e+00,0.000000000000000000e+00,0.000000000000000000e+00,0.000000000000000000e+00,1.570796326794896558e+00,0.000000000000000000e+00,0.000000000000000000e+00,2.160096671839619245e-02,-5.695807048608475531e-02,1.010000000000000064e-01,-4.981942577384104037e-02,-7.599999999999999117e-03,1.226491972786628200e-02
0.000000000000000000e+00,2.000000000000000000e+00,0.000000000000000000e+00,0.000000000000000000e+00,3.000000000000000000e+01,0.000000000000000000e+00,0.000000000000000000e+00,0.000000000000000000e+00,1.766858789093672319e-02,5.565052562141927645e-02,1.010000000000000064e-01,1.149999999999999981e-02,-7.599999999999999117e-03,-3.839999999999999664e-02
0.000000000000000000e+00,2.000000000000000000e+00,0.000000000000000000e+00,2.000000000000000000e+01,0.000000000000000000e+00,0.000000000000000000e+00,0.000000000000000000e+00,0.000000000000000000e+00,2.020229135153829222e-02,-1.690524842016706553e-02,1.010000000000000064e-01,-5.390000000000000346e-02,-7.599999999999999117e-03,-2.699999999999999276e-03
0.000000000000000000e+00,4.000000000000000000e+00,0.000000000000000000e+00,-2.000000000000000000e+01,0.000000000000000000e+00,0.000000000000000000e+00,0.000000000000000000e+00,0.000000000000000000e+00,2.575077846142046281e-02,-9.874425253467081220e-02,1.039999999999999952e-01,4.499999999999999833e-02,-8.200000000000002426e-03,2.440000000000000155e-02
0.000000000000000000e+00,4.000000000000000000e+00,0.000000000000000000e+00,0.000000000000000000e+00,-3.000000000000000000e+01,0.000000000000000000e+00,0.000000000000000000e+00,0.000000000000000000e+00,3.078719586574630782e-02,-1.707683769634300852e-01,1.039999999999999952e-01,-2.040000000000000147e-02,-8.200000000000002426e-03,6.010000000000000064e-02
0.000000000000000000e+00,4.000000000000000000e+00,0.000000000000000000e+00,0.000000000000000000e+00,0.000000000000000000e+00,-1.570796326794896558e+00,0.000000000000000000e+00,0.000000000000000000e+00,2.275283802433179445e-02,-5.587170688636469013e-02,1.039999999999999952e-01,4.131942577384103976e-02,-8.200000000000002426e-03,8.635080272133718177e-03
0.000000000000000000e+00,4.000000000000000000e+00,0.000000000000000000e+00,0.000000000000000000e+00,0.000000000000000000e+00,0.000000000000000000e+00,0.000000000000000000e+00,-5.235987755982988157e-01,2.631916978719696029e-02,-1.068726271878105566e-01,1.039999999999999952e-01,-8.062438346144725626e-03,-8.200000000000002426e-03,2.760638465673263819e-02
0.000000000000000000e+00,4.000000000000000000e+00,0.000000000000000000e+00,0.000000000000000000e+00,0.000000000000000000e+00,0.000000000000000000e+00,0.000000000000000000e+00,0.000000000000000000e+00,2.416730650742881722e-02,-7.609954859377281167e-02,1.039999999999999952e-01,-5.799999999999999600e-03,-8.200000000000002426e-03,1.430000000000000021e-02
0.000000000000000000e+00,4.000000000000000000e+00,0.000000000000000000e+00,0.000000000000000000e+00,0.000000000000000000e+00,0.000000000000000000e+00,0.000000000000000000e+00,5.235987755982988157e-01,2.201544322766067416e-02,-4.532646999973505980e-02,1.039999999999999952e-01,-3.537561653855273141e-03,-8.200000000000002426e-03,9.936153432673639624e-04
0.000000000000000000e+00,4.000000000000000000e+00,0.000000000000000000e+00,0.000000000000000000e+00,0.000000000000000000e+00,1.570796326794896558e+00,0.000000000000000000e+00,0.000000000000000000e+00,2.558177499052584347e-02,-9.632739030118092627e-02,1.039999999999999952e-01,-5.291942577384103896e-02,-8.200000000000002426e-03,1.996491972786628225e-02
0.000000000000000000e+00,4.000000000000000000e+00,0.000000000000000000e+00,0.000000000000000000e+00,3.000000000000000000e+01,0.000000000000000000e+00,0.000000000000000000e+00,0.000000000000000000e+00,1.754741714911132663e-02,1.856927977588451045e-02,1.039999999999999952e-01,8.800000000000002265e-03,-8.200000000000002426e-03,-3.150000000000000022e-02
0.000000000000000000e+00,4.000000000000000000e+00,0.000000000000000000e+00,2.000000000000000000e+01,0.000000000000000000e+00,0.000000000000000000e+00,0.000000000000000000e+00,0.000000000000000000e+00,2.258383455343717511e-02,-5.345484465287479031e-02,1.039999999999999952e-01,-5.659999999999999754e-02,-8.200000000000002426e-03,4.199999999999998873e-03
0.000000000000000000e+00,6.000000000000000000e+00,0.000000000000000000e+00,-2.000000000000000000e+01,0.000000000000000000e+00,0.000000000000000000e+00,0.000000000000000000e+00,0.000000000000000000e+00,3.342387091187545844e-02,-1.458049891233708373e-01,1.039999999999999952e-01,4.090000000000000580e-02,-9.000000000000004524e-03,3.470000000000000168e-02
0.000000000000000000e+00,6.000000000000000000e+00,0.000000000000000000e+00,0.000000000000000000e+00,-3.000000000000000000e+01,0.000000000000000000e+00,0.000000000000000000e+00,0.000000000000000000e+00,4.042727795080824915e-02,-2.124379561130451677e-01,1.039999999999999952e-01,-2.369999999999999885e-02,-9.000000000000004524e-03,6.890000000000000291e-02
0.000000000000000000e+00,6.000000000000000000e+00,0.000000000000000000e+00,0.000000000000000000e+00,0.000000000000000000e+00,-1.570796326794896558e+00,0.000000000000000000e+00,0.000000000000000000e+00,2.856567685218175737e-02,-9.958236025010575032e-02,1.039999999999999952e-01,3.771942577384104073e-02,-9.000000000000004524e-03,1.773508027213371863e-02
0.000000000000000000e+00,6.000000000000000000e+00,0.000000000000000000e+00,0.000000000000000000e+00,0.000000000000000000e+00,0.000000000000000000e+00,0.000000000000000000e+00,-5.235987755982988157e-01,3.390974255198087040e-02,-1.504277489853045879e-01,1.039999999999999952e-01,-1.166243834614472639e-02,-9.000000000000004524e-03,3.670638465673263517e-02
0.000000000000000000e+00,6.000000000000000000e+00,0.000000000000000000e+00,0.000000000000000000e+00,0.000000000000000000e+00,0.000000000000000000e+00,0.000000000000000000e+00,0.000000000000000000e+00,3.068522517426294088e-02,-1.197485154647220662e-01,1.039999999999999952e-01,-9.400000000000000369e-03,-9.000000000000004524e-03,2.340000000000000066e-02
0.000000000000000000e+00,6.000000000000000000e+00,0.000000000000000000e+00,0.000000000000000000e+00,0.000000000000000000e+00,0.000000000000000000e+00,0.000000000000000000e+00,5.235987755982988157e-01,2.746070779654500790e-02,-8.906928194413955835e-02,1.039999999999999952e-01,-7.137561653855274343e-03,-9.000000000000004524e-03,1.009361534326736441e-02
0.000000000000000000e+00,6.000000000000000000e+00,0.000000000000000000e+00,0.000000000000000000e+00,0.000000000000000000e+00,1.570796326794896558e+00,0.000000000000000000e+00,0.000000000000000000e+00,3.280477349634412093e-02,-1.399146706793383821e-01,1.039999999999999952e-01,-5.651942577384103800e-02,-9.000000000000004524e-03,2.906491972786628269e-02
0.000000000000000000e+00,6.000000000000000000e+00,0.000000000000000000e+00,0.000000000000000000e+00,3.000000000000000000e+01,0.000000000000000000e+00,0.000000000000000000e+00,0.000000000000000000e+00,2.094317239771763609e-02,-2.705907481639898901e-02,1.039999999999999952e-01,4.899999999999999842e-03,-9.000000000000004524e-03,-2.209999999999999812e-02
0.000000000000000000e+00,6.000000000000000000e+00,0.000000000000000000e+00,2.000000000000000000e+01,0.000000000000000000e+00,0.000000000000000000e+00,0.000000000000000000e+00,0.000000000000000000e+00,2.794657943665041638e-02,-9.369204180607329513e-02,1.039999999999999952e-01,-5.970000000000000306e-02,-9.000000000000004524e-03,1.209999999999999964e-02
5.000000000000000000e+00,0.000000000000000000e+00,-1.000000000000000000e+01,0.000000000000000000e+00,0.000000000000000000e+00,0.000000000000000000e+00,0.000000000000000000e+00,0.000000000000000000e+00,4.417730477966030217e-02,0.000000000000000000e+00,3.454642901117350173e-01,0.000000000000000000e+00,1.060999999999999999e-01,0.000000000000000000e+00
5.000000000000000000e+00,0.000000000000000000e+00,0.000000000000000000e+00,-2.000000000000000000e+01,0.000000000000000000e+00,0.000000000000000000e+00,0.000000000000000000e+00,0.000000000000000000e+00,4.059010039970045725e-02,-2.369999999999999885e-02,4.260837168321998658e-01,5.249999999999999806e-02,6.200000000000000649e-03,7.700000000000000247e-03
5.000000000000000000e+00,0.000000000000000000e+00,0.000000000000000000e+00,0.000000000000000000e+00,0.000000000000000000e+00,-1.570796326794896558e+00,0.000000000000000000e+00,0.000000000000000000e+00,4.059010039970045725e-02,-1.355345280685764722e-02,4.260837168321998658e-01,4.383694892218020778e-02,6.200000000000000649e-03,9.000339754553911102e-04
5.000000000000000000e+00,0.000000000000000000e+00,0.000000000000000000e+00,0.000000000000000000e+00,0.000000000000000000e+00,0.000000000000000000e+00,-5.235987755982988157e-01,0.000000000000000000e+00,1.535352121635924841e-02,0.000000000000000000e+00,3.156700799886700409e-03,0.000000000000000000e+00,7.518801599890588550e-02,0.000000000000000000e+00
5.000000000000000000e+00,0.000000000000000000e+00,0.000000000000000000e+00,0.000000000000000000e+00,0.000000000000000000e+00,0.000000000000000000e+00,0.000000000000000000e+00,-5.235987755982988157e-01,4.059010039970045725e-02,-3.409540471725126115e-02,4.260837168321998658e-01,-4.376635802214447896e-03,6.200000000000000649e-03,1.344756645680406960e-02
5.000000000000000000e+00,0.000000000000000000e+00,0.000000000000000000e+00,0.000000000000000000e+00,0.000000000000000000e+00,0.000000000000000000e+00,0.000000000000000000e+00,0.000000000000000000e+00,4.059010039970045725e-02,0.000000000000000000e+00,4.260837168321998658e-01,0.000000000000000000e+00,6.200000000000000649e-03,0.000000000000000000e+00
5.000000000000000000e+00,0.000000000000000000e+00,0.000000000000000000e+00,0.000000000000000000e+00,0.000000000000000000e+00,0.000000000000000000e+00,0.000000000000000000e+00,5.235987755982988157e-01,4.059010039970045725e-02,3.409540471725126115e-02,4.260837168321998658e-01,4.376635802214447896e-03,6.200000000000000649e-03,-1.344756645680406960e-02
5.000000000000000000e+00,0.000000000000000000e+00,0.000000000000000000e+00,0.000000000000000000e+00,0.000000000000000000e+00,0.000000000000000000e+00,5.235987755982988157e-01,0.000000000000000000e+00,6.582667958304165567e-02,0.000000000000000000e+00,8.490107328645128959e-01,0.000000000000000000e+00,-6.278801599890589114e-02,0.000000000000000000e+00
5.000000000000000000e+00,0.000000000000000000e+00,0.000000000000000000e+00,0.000000000000000000e+00,0.000000000000000000e+00,1.570796326794896558e+00,0.000000000000000000e+00,0.000000000000000000e+00,4.059010039970045725e-02,1.355345280685764722e-02,4.260837168321998658e-01,-4.383694892218020778e-02,6.200000000000000649e-03,-9.000339754553911102e-04
5.000000000000000000e+00,0.000000000000000000e+00,0.000000000000000000e+00,2.000000000000000000e+01,0.000000000000000000e+00,0.000000000000000000e+00,0.000000000000000000e+00,0.000000000000000000e+00,4.059010039970045725e-02,2.369999999999999885e-02,4.260837168321998658e-01,-5.249999999999999806e-02,6.200000000000000649e-03,-7.700000000000000247e-03
5.000000000000000000e+00,0.000000000000000000e+00,1.000000000000000000e+01,0.000000000000000000e+00,0.000000000000000000e+00,0.000000000000000000e+00,0.000000000000000000e+00,0.000000000000000000e+00,6.465926571209179574e-02,0.000000000000000000e+00,5.474477777446657978e-01,0.000000000000000000e+00,-1.045999999999999847e-01,0.000000000000000000e+00
1.000000000000000000e+01,0.000000000000000000e+00,-1.000000000000000000e+01,0.000000000000000000e+00,0.000000000000000000e+00,0.000000000000000000e+00,0.000000000000000000e+00,0.000000000000000000e+00,1.162510255451012914e-01,0.000000000000000000e+00,6.638993440723618411e-01,0.000000000000000000e+00,1.174000000000000182e-01,0.000000000000000000e+00
1.000000000000000000e+01,0.000000000000000000e+00,0.000000000000000000e+00,-2.000000000000000000e+01,0.000000000000000000e+00,0.000000000000000000e+00,0.000000000000000000e+00,0.000000000000000000e+00,1.246540927593832310e-01,-2.359999999999999945e-02,7.639603177903516729e-01,4.440000000000000197e-02,1.840000000000000316e-02,5.599999999999999943e-03
1.000000000000000000e+01,0.000000000000000000e+00,0.000000000000000000e+00,0.000000000000000000e+00,0.000000000000000000e+00,-1.570796326794896558e+00,0.000000000000000000e+00,0.000000000000000000e+00,1.246540927593832310e-01,-2.001252016012574492e-02,7.639603177903516729e-01,3.706022251875137896e-02,1.840000000000000316e-02,-1.260047565637547034e-03
1.000000000000000000e+01,0.000000000000000000e+00,0.000000000000000000e+00,0.000000000000000000e+00,0.000000000000000000e+00,0.000000000000000000e+00,-5.235987755982988157e-01,0.000000000000000000e+00,6.555243149852381379e-02,0.000000000000000000e+00,3.551498194951893672e-01,0.000000000000000000e+00,1.013720732959814269e-01,0.000000000000000000e+00
1.000000000000000000e+01,0.000000000000000000e+00,0.000000000000000000e+00,0.000000000000000000e+00,0.000000000000000000e+00,0.000000000000000000e+00,0.000000000000000000e+00,-5.235987755982988157e-01,1.246540927593832310e-01,-3.226004131632262406e-02,7.639603177903516729e-01,-7.482635403785991256e-03,1.840000000000000316e-02,1.291813470653619192e-02
1.000000000000000000e+01,0.000000000000000000e+00,0.000000000000000000e+00,0.000000000000000000e+00,0.000000000000000000e+00,0.000000000000000000e+00,0.000000000000000000e+00,0.000000000000000000e+00,1.246540927593832310e-01,0.000000000000000000e+00,7.639603177903516729e-01,0.000000000000000000e+00,1.840000000000000316e-02,0.000000000000000000e+00
1.000000000000000000e+01,0.000000000000000000e+00,0.000000000000000000e+00,0.000000000000000000e+00,0.000000000000000000e+00,0.000000000000000000e+00,0.000000000000000000e+00,5.235987755982988157e-01,1.246540927593832310e-01,3.226004131632262406e-02,7.639603177903516729e-01,7.482635403785991256e-03,1.840000000000000316e-02,-1.291813470653619192e-02
1.000000000000000000e+01,0.000000000000000000e+00,0.000000000000000000e+00,0.000000000000000000e+00,0.000000000000000000e+00,0.000000000000000000e+00,5.235987755982988157e-01,0.000000000000000000e+00,1.837557540202426343e-01,0.000000000000000000e+00,1.172770816085513701e+00,0.000000000000000000e+00,-6.457207329598139978e-02,0.000000000000000000e+00
1.000000000000000000e+01,0.000000000000000000e+00,0.000000000000000000e+00,0.000000000000000000e+00,0.000000000000000000e+00,1.570796326794896558e+00,0.000000000000000000e+00,0.000000000000000000e+00,1.246540927593832310e-01,2.001252016012574492e-02,7.639603177903516729e-01,-3.706022251875137896e-02,1.840000000000000316e-02,1.260047565637547034e-03
1.000000000000000000e+01,0.000000000000000000e+00,0.000000000000000000e+00,2.000000000000000000e+01,0.000000000000000000e+00,0.000000000000000000e+00,0.000000000000000000e+00,0.000000000000000000e+00,1.246540927593832310e-01,2.359999999999999945e-02,7.639603177903516729e-01,-4.440000000000000197e-02,1.840000000000000316e-02,-5.599999999999999943e-03
1.000000000000000000e+01,0.000000000000000000e+00,1.000000000000000000e+01,0.000000000000000000e+00,0.000000000000000000e+00,0.000000000000000000e+00,0.000000000000000000e+00,0.000000000000000000e+00,1.592763595767253959e-01,0.000000000000000000e+00,8.583827125938555680e-01,0.000000000000000000e+00,-9.269999999999999074e-02,0.000000000000000000e+00
