#              time [s],              Vxb [ft/s],              Vyb [ft/s],              Vzb [ft/s],               p [deg/s],               q [deg/s],               r [deg/s],                 xf [ft],                 yf [ft],                 zf [ft],               phi [deg],             theta [deg],               psi [deg],                da [deg],                de [deg],                dr [deg],          tau [per-unit],           dadot [deg/s],           dedot [deg/s],           drdot [deg/s],     taudot [per-unit/s],        daddot [deg/s/s],        deddot [deg/s/s],        drddot [deg/s/s],  tauddot [per-unit/s/s]
 0.0000000000000000e+00,  0.0000000000000000e+00,  0.0000000000000000e+00,  0.0000000000000000e+00,  2.0000000000000000e+02,  2.0000000000000000e+01,  5.0000000000000000e+00,  0.0000000000000000e+00,  0.0000000000000000e+00,  0.0000000000000000e+00,  0.0000000000000000e+00,  0.0000000000000000e+00,  0.0000000000000000e+00,  0.0000000000000000e+00,  0.0000000000000000e+00,  0.0000000000000000e+00,  0.0000000000000000e+00,  8.0000000000000000e+01,  6.0000000000000000e+01, -1.1999999999999999e+02, -1.1661271117226495e-02,  0.0000000000000000e+00, -2.2234076308475578e-12,  0.0000000000000000e+00, -5.7904718198256010e-02
 9.9933377748167886e-03, -1.0684248411519093e-01,  5.5261220869801075e-01,  2.1636603451559751e+00,  1.9607692712795907e+02,  1.9830666913081664e+01,  4.4292943625713139e+00,  6.3398999351883756e+00,  4.7973823088540504e-05, -1.2183760918560438e-04,  1.9816559058670951e+00,  1.9824731967133413e-01,  5.0573736033747624e-02,  7.9946702198534303e-01,  5.9960026648900733e-01, -1.1992005329780144e+00, -1.1653502115815950e-04,  8.0000000000000000e+01,  5.9999999999999993e+01, -1.1999999999999999e+02, -1.1950601821081871e-02,  0.0000000000000000e+00, -2.2234076308475578e-12,  0.0000000000000000e+00, -5.7904718198256010e-02
 1.9986675549633577e-02, -2.1955579922712332e-01,  1.2228485296539291e+00,  4.2566990143861325e+00,  1.9199058923197609e+02,  1.9582632919013840e+01,  3.9091628718602061e+00,  1.2679776796084557e+01,  2.4964688369929187e-04, -6.6070104730897583e-04,  3.9235268271808921e+00,  3.9284416176794412e-01,  1.0235965730761348e-01,  1.5989340439706861e+00,  1.1992005329780144e+00, -2.3984010659560289e+00, -2.3885280122082353e-04,  7.9999999999999986e+01,  5.9999999999999993e+01, -1.2000000000000000e+02, -1.2486104863930559e-02, -2.2234076308475578e-12,  1.1117038154237789e-12, -4.4468152616951156e-12, -4.9267290777194696e-02
 2.9980013324450366e-02, -3.3736045126931913e-01,  1.9979468636307518e+00,  6.2682071583161552e+00,  1.8774208347907754e+02,  1.9258651971911863e+01,  3.4427428362985864e+00,  1.9019613980173517e+01,  7.0098676326835695e-04, -1.8695881844905671e-03,  5.8239985788844963e+00,  5.8316584290843432e-01,  1.5549307820741051e-01,  2.3984010659560289e+00,  1.7988007994670216e+00, -3.5976015989340437e+00, -3.6609074795224128e-04,  8.0000000000000000e+01,  6.0000000000000014e+01, -1.1999999999999999e+02, -1.2937172703327225e-02,  4.4468152616951156e-12,  4.4468152616951156e-12,  8.8936305233902312e-12, -4.1006419480724823e-02
 3.9973351099267154e-02, -4.5940999804679450e-01,  2.8644830105248955e+00,  8.1884127887015161e+00,  1.8333273791552958e+02,  1.8861435729179114e+01,  3.0328537628457428e+00,  2.5359392840092788e+01,  1.5091570204171872e-03, -3.9909980805532541e-03,  7.6814675485358803e+00,  7.6857911077334817e-01,  2.1007487720217585e-01,  3.1978680879413721e+00,  2.3984010659560293e+00, -4.7968021319120577e+00, -4.9742387457180071e-04,  8.0000000000000014e+01,  6.0000000000000014e+01, -1.2000000000000000e+02, -1.3307373728218393e-02, -4.4468152616951172e-12, -6.6702228925426750e-12, -8.8936305233902345e-12, -3.3083145634160288e-02
 4.9966688874083939e-02, -5.8479584329552381e-01,  3.8084947378843634e+00,  1.0008661796989561e+01,  1.7876412252658073e+02,  1.8393629270858945e+01,  2.6819879716779358e+00,  3.1699092818229428e+01,  2.7911237687666280e-03, -7.2559333111712476e-03,  9.4943425304074989e+00,  9.4844346453754680e-01,  2.6617217483477978e-01,  3.9973351099267149e+00,  2.9980013324450363e+00, -5.9960026648900726e+00, -6.3206090907585999e-04,  7.9999999999999972e+01,  5.9999999999999993e+01, -1.2000000000000003e+02, -1.3599883241816780e-02,  0.0000000000000000e+00,  4.4468152616951156e-12,  0.0000000000000000e+00, -2.5457758353997471e-02
 5.9960026648900731e-02, -7.1255285560062021e-01,  4.8156043361552685e+00,  1.1721386189855995e+01,  1.7403805731045392e+02,  1.7857787248541154e+01,  2.3923035260582992e+00,  3.8038691594647808e+01,  4.6722134122412946e-03, -1.1883099630722427e-02,  1.1261046688819004e+01,  1.1221124464175651e+00,  3.2381904840935238e-01,  4.7968021319120577e+00,  3.5976015989340437e+00, -7.1952031978680875e+00, -7.6924032843889156e-04,  7.9999999999999972e+01,  5.9999999999999993e+01, -1.2000000000000007e+02, -1.3817476987152362e-02,  4.4468152616951124e-12,  0.0000000000000000e+00, -1.7787261046780450e-11, -1.8090003212497988e-02
 6.9953364423717523e-02, -8.4166582210264096e-01,  5.8711385261812667e+00,  1.3320060129072186e+01,  1.6915661742805088e+02,  1.7256350705685318e+01,  2.1656193853443804e+00,  4.4378165245454234e+01,  7.2846466007420261e-03, -1.8078294529914274e-02,  1.2980019629407854e+01,  1.2889349057233455e+00,  3.8301729892540870e-01,  5.5962691538974010e+00,  4.1972018654230512e+00, -8.3944037308461041e+00, -9.0822633853260282e-04,  8.0000000000000014e+01,  5.9999999999999972e+01, -1.2000000000000003e+02, -1.3962526632909592e-02,  0.0000000000000000e+00, -8.8936305233902312e-12,  3.5574522093560925e-11, -1.0939265891714884e-02
 7.9946702198534308e-02, -9.7107674770052199e-01,  6.9602446991333631e+00,  1.4799144500745083e+01,  1.6412213552593647e+02,  1.6591624802863045e+01,  2.0034126604490035e+00,  5.0717488408845512e+01,  1.0766070750292012e-02, -2.6033973363155383e-02,  1.4649719557899557e+01,  1.4482562337160334e+00,  4.4373728569027965e-01,  6.3957361758827442e+00,  4.7968021319120577e+00, -9.5936042638241172e+00, -1.0483048181039734e-03,  8.0000000000000000e+01,  5.9999999999999986e+01, -1.1999999999999997e+02, -1.4036996920301748e-02, -8.8936305233902377e-12,  8.8936305233902377e-12, -1.7787261046780475e-11, -3.9647209583673114e-03
 8.9940039973351094e-02, -1.0996930087602550e+00,  8.0680026009773336e+00,  1.6154020863434052e+01,  1.5893720136152936e+02,  1.5865757669848733e+01,  1.9068178250151873e+00,  5.7056634456290020e+01,  1.5258110549990024e-02, -3.5928979476011591e-02,  1.6268625506958827e+01,  1.5994195647670284e+00,  5.0591884336194193e-01,  7.1952031978680866e+00,  5.3964023984010652e+00, -1.0792804796802132e+01, -1.1887792416698795e-03,  8.0000000000000000e+01,  6.0000000000000036e+01, -1.1999999999999997e+02, -1.4042444083503506e-02,  8.8936305233902377e-12,  0.0000000000000000e+00,  1.7787261046780475e-11,  2.8745620295886737e-03
 9.9933377748167879e-02, -1.2263963667157896e+00,  9.1795307199413543e+00,  1.7380915733899069e+01,  1.5360465888549763e+02,  1.5080720591970417e+01,  1.8766277126923179e+00,  6.3395575666538370e+01,  2.0904952855125263e-02, -4.7928422947734362e-02,  1.7835239612817752e+01,  1.7417669368635269e+00,  5.6947229500666185e-01,  7.9946702198534298e+00,  5.9960026648900726e+00, -1.1992005329780145e+01, -1.3289665919248295e-03,  7.9999999999999943e+01,  5.9999999999999993e+01, -1.1865106759472685e+02, -1.3980015087810733e-02, -8.8936305233902248e-12,  0.0000000000000000e+00,  2.6996633870862541e+02,  9.6195609750562867e-03
 1.0992671552298468e-01, -1.3500528419633611e+00,  1.0280086792957094e+01,  1.8476816261753012e+01,  1.4812760095678311e+02,  1.4238289721032437e+01,  1.9132961117080598e+00,  6.9734283400442791e+01,  2.7851979333511287e-02, -6.2183691339669167e-02,  1.9348089424520865e+01,  1.8746404024690624e+00,  6.3427957318107497e-01,  8.7941372418387722e+00,  6.5956029313790800e+00, -1.3164245188435581e+01, -1.4681932674089349e-03,  7.9999999999999943e+01,  5.6834217348999168e+01, -1.0343764967071155e+02, -1.3850626210657562e-02,  8.8936305233902248e-12, -6.3357863455363145e+02,  2.7747457018176383e+03,  1.6275466305865009e-02
 1.1992005329780146e-01, -1.4694958082216090e+00,  1.1355975912433097e+01,  1.9439702216763461e+01,  1.4251908191255868e+02,  1.3342297627773075e+01,  2.0117849204856908e+00,  7.6072728459126807e+01,  3.6246089712856380e-02, -7.8831235083271167e-02,  2.0805762109828017e+01,  1.9973946890876344e+00,  7.0018118430732512e-01,  9.5936042638241155e+00,  7.1319297271618751e+00, -1.4059380073365320e+01, -1.6057945641564930e-03,  7.9999999999999986e+01,  4.5528335861345617e+01, -7.6365558649205738e+01, -1.3657246818990654e-02,  0.0000000000000000e+00, -1.6291051138420980e+03,  2.6432821146197225e+03,  2.2426195946405336e-02
 1.2991339107261826e-01, -1.5834355103000917e+00,  1.2395405369085132e+01,  2.0270386152684924e+01,  1.3680024900774782e+02,  1.2408721298586412e+01,  2.1622865364292121e+00,  8.2410883337636420e+01,  4.6238248294641106e-02, -9.7982056173350429e-02,  2.2207025064312049e+01,  2.1094913424028552e+00,  7.6694489031933999e-01,  1.0393071285809459e+01,  7.5055630085545424e+00, -1.4690538832323771e+01, -1.7411562284813664e-03,  7.9999999999999986e+01,  3.0255747907987093e+01, -5.2027657253928290e+01, -1.3407923882603080e-02,  0.0000000000000000e+00, -1.4274488218900533e+03,  2.2275432179551353e+03,  2.7471634389294612e-02
 1.3990672884743505e-01, -1.6906853700147622e+00,  1.3388055970974248e+01,  2.0972369536928976e+01,  1.3098940840318679e+02,  1.1456682921968232e+01,  2.3558173395235946e+00,  8.8748725380292569e+01,  5.7977836978137631e-02, -1.1971096858178498e-01,  2.3550838296128617e+01,  2.2105967809191163e+00,  8.3430840656408578e-01,  1.1192538307794802e+01,  7.7366415441103182e+00, -1.5099239978507125e+01, -1.8737743885922642e-03,  8.0000000000000043e+01,  1.7138512588502817e+01, -3.1513896000149476e+01, -1.3113470914587384e-02,  0.0000000000000000e+00, -1.1977472067160700e+03,  1.8779442009678037e+03,  3.1458219609581867e-02
 1.4990006662225183e-01, -1.7902927667666972e+00,  1.4325037106547743e+01,  2.1550795238401559e+01,  1.2510229843855140e+02,  1.0501901574355291e+01,  2.5841747575898113e+00,  9.5086237149796432e+01,  7.1609272281704078e-02, -1.4405918256670702e-01,  2.4836329028118740e+01,  2.3005670654264683e+00,  9.0200400718906060e-01,  1.1992005329780145e+01,  7.8481048990642588e+00, -1.5320396846983654e+01, -2.0032509169807811e-03,  8.0000000000000043e+01,  6.1773821400690450e+00, -1.4218590951632132e+01, -1.2783640372044828e-02,  0.0000000000000000e+00, -9.9594036703047652e+02,  1.5834228494088018e+03,  3.4551866304601858e-02
 1.5989340439706862e-01, -1.8815387757027793e+00,  1.5198836260738602e+01,  2.2012047936379840e+01,  1.1915247957472320e+02,  9.5571117765205056e+00,  2.8398549458489266e+00,  1.0142340608138805e+02,  8.7270087036284472e-02, -1.7103886342556507e-01,  2.6062769616397077e+01,  2.3794162226649216e+00,  9.6977112717606906e-01,  1.2791472351765488e+01,  7.8601068766899793e+00, -1.5383422342630352e+01, -2.1292768610515211e-03,  8.0000000000000043e+01, -2.8935007415806422e+00,  3.6287681248041237e-01, -1.2426577257214315e-02,  0.0000000000000000e+00, -8.1944566035034825e+02,  1.3348148991155899e+03,  3.6908365076811299e-02
 1.6988674217188540e-01, -1.9639276664086083e+00,  1.6003255870074238e+01,  2.2363408160774814e+01,  1.1315165786565443e+02,  8.6324473800096708e+00,  3.1159871011168372e+00,  1.0776022401586187e+02,  1.0508956812921257e-01, -2.0063729362118465e-01,  2.7229558719060510e+01,  2.4472883465312658e+00,  1.0373648292970581e+00,  1.3590939373750832e+01,  7.7902734385396624e+00, -1.5313144145868122e+01, -2.2516168848131790e-03,  8.0000000000000043e+01, -1.0314960138625827e+01,  1.2651400786246482e+01, -1.2048936282895408e-02,  0.0000000000000000e+00, -6.6583574697829533e+02,  1.1245283655007936e+03,  3.8670181916879244e-02
 1.7988007994670219e-01, -2.0371694814956527e+00,  1.6733340595364680e+01,  2.2612754920548131e+01,  1.0710995381476400e+02,  7.7357926797474237e+00,  3.4062799599944480e+00,  1.1409668667187991e+02,  1.2518785931992732e-01, -2.3282065689090814e-01,  2.8336205117782125e+01,  2.5044331970418487e+00,  1.1045609686713012e+00,  1.4390406395736175e+01,  7.6539451150918616e+00, -1.5130562899867265e+01, -2.3700950412559596e-03,  8.0000000000000043e+01, -1.6304326338745735e+01,  2.2998512392839295e+01, -1.1656027148378136e-02,  0.0000000000000000e+00, -5.3283607520570285e+02,  9.4627357069864922e+02,  3.9964032871177876e-02
 1.8987341772151897e-01, -2.1011584550496991e+00,  1.7385297648841181e+01,  2.2768313093591647e+01,  1.0103612636786387e+02,  6.8731012425221865e+00,  3.7049770589191677e+00,  1.2043279310216506e+02,  1.4767544166515909e-01, -2.6753745469795831e-01,  2.9382313721935702e+01,  2.5511850789175186e+00,  1.1711588224748075e+00,  1.5189873417721518e+01,  7.4644041579518063e+00, -1.4853480340548217e+01, -2.4845821176255334e-03,  7.9999999999999957e+01, -2.1056951193318419e+01,  3.1698273518562086e+01, -1.1251977923311505e-02, -1.7787261046780475e-11, -4.1832257902277689e+02,  7.9483862259600619e+02,  4.0899685372156880e-02
 1.9986675549633576e-01, -2.1559493740566040e+00,  1.7956412603032717e+01,  2.2838441632692483e+01,  9.4937760056389394e+01,  6.0486834558080522e+00,  4.0068182738200679e+00,  1.2676854516357535e+02,  1.7265291568081897e-01, -3.0472157043914194e-01,  3.0367573381621643e+01,  2.5879447385108869e+00,  1.2369818205089198e+00,  1.5989340439706860e+01,  7.2330866635265370e+00, -1.4497019791568222e+01, -2.5949846733008264e-03,  7.9999999999999929e+01, -2.4747699361481192e+01,  3.8997115500605680e+01, -1.0839905710372208e-02,  3.5574522093560847e-11, -3.2031915436553965e+02,  6.6590295274366133e+02,  4.1569700177424951e-02
 2.0986009327115257e-01, -2.2017334355068670e+00,  1.8444962840574458e+01,  2.2831458639875660e+01,  8.8821421863265684e+01,  5.2654641827767037e+00,  4.3070058625104028e+00,  1.3310394702013934e+02,  2.0021102004319216e-01, -3.4429500045735040e-01,  3.1291746212689858e+01,  2.6151639946089706e+00,  1.3018768958364857e+00,  1.6788807461692205e+01,  6.9697799202140072e+00, -1.4074057645666024e+01, -2.7012357960473632e-03,  7.9999999999999844e+01, -2.7532411913923813e+01,  4.5101973686800029e+01, -1.0422086403239947e-02, -5.3361783140341271e-11, -2.3699465112997601e+02,  5.5588266558669989e+02,  4.2049870489978068e-02
 2.1985343104596936e-01, -2.2388147014818287e+00,  1.8850130509788585e+01,  2.2755499448014380e+01,  8.2692793192214197e+01,  4.5252121773694443e+00,  4.6011737592922763e+00,  1.3943900469010950e+02,  2.3043083134053102e-01, -3.8617027338841581e-01,  3.2154658197140726e+01,  2.6333328108211886e+00,  1.3657128732338650e+00,  1.7588274483677544e+01,  6.6828052795040751e+00, -1.3595581276842038e+01, -2.8032875327926310e-03,  7.9999999999999872e+01, -2.9549336784360253e+01,  5.0187009152156214e+01, -1.0000117583322426e-02,  3.5574522093560951e-11, -1.6665924627336190e+02,  4.6180243221323695e+02,  4.2400156002851054e-02
 2.2984676882078614e-01, -2.2675878945849490e+00,  1.9171916552123264e+01,  2.2618404000801686e+01,  7.6556781339442267e+01,  3.8287430871445980e+00,  4.8853592608644956e+00,  1.4577372564233355e+02,  2.6338409811828684e-01, -4.3025258078523620e-01,  3.2956190869303327e+01,  2.6429685208862410e+00,  1.4283782260582047e+00,  1.8387741505662888e+01,  6.3791869131981462e+00, -1.3070986176935387e+01, -2.9011049016434143e-03,  7.9999999999999872e+01, -3.0920519674274608e+01,  5.4399160703369830e+01, -9.5750704303405616e-03, -3.5574522093560951e-11, -1.0776015609483136e+02,  3.8118949823631488e+02,  4.2665947547252892e-02
 2.3984010659560293e-01, -2.2885179954125761e+00,  1.9411057078771758e+01,  2.2427630020645534e+01,  7.0417614060011033e+01,  3.1760979689467526e+00,  5.1559765279652776e+00,  1.5210811844323314e+02,  2.9913367023791249e-01, -4.7644164260782418e-01,  3.3696273934667303e+01,  2.6446069300389587e+00,  1.4897784582799261e+00,  1.9187208527648227e+01,  6.0648068849482870e+00, -1.2508322901691409e+01, -2.9946613588487381e-03,  7.9999999999999872e+01, -3.1753148919991698e+01,  5.7862729580495866e+01, -9.1476279943937741e-03,  3.5574522093560951e-11, -5.8876710281348856e+01,  3.1198608637251050e+02,  4.2879531966897685e-02
 2.4983344437041971e-01, -2.3021218906994818e+00,  1.9568943104076958e+01,  2.2190188683078514e+01,  6.4278920160367875e+01,  2.5666992789545957e+00,  5.4097915332059898e+00,  1.5844219245299954e+02,  3.3773399143197114e-01, -5.2463333117520961e-01,  3.4374878696470411e+01,  2.6387950329121073e+00,  1.5498333066952357e+00,  1.9986675549633571e+01,  5.7445470280550746e+00, -1.1914502574393831e+01, -3.0839355744161079e-03,  7.9999999999999929e+01, -3.2140848268463458e+01,  6.0683165106362004e+01, -8.7182083331794214e-03,  0.0000000000000000e+00, -1.8714852659474353e+01,  2.5247707687084838e+02,  4.3061656230798856e-02
 2.5982678214523652e-01, -2.3089521639535633e+00,  1.9647544397927707e+01,  2.1912599763347909e+01,  5.8143798508631072e+01,  1.9994862879301114e+00,  5.6438982315040880e+00,  1.6477595756792584e+02,  3.7923162894200974e-01, -5.7472107666762895e-01,  3.4992012186987999e+01,  2.6260851091927910e+00,  1.6084739074423589e+00,  2.0786142571618914e+01,  5.4224181787165051e+00, -1.1295468169385705e+01, -3.1689093601781071e-03,  7.5716666666667038e+01, -3.2164912284333028e+01,  6.2950190932396687e+01, -8.2870719024564620e-03, -8.5723777777771136e+02,  1.3898840950120235e+01,  2.0123035844620844e+02,  4.3223114771224966e-02
 2.6982011992005328e-01, -2.3095834466953420e+00,  1.9649317066606411e+01,  2.1600863440641962e+01,  5.2017635971335999e+01,  1.4730318260003157e+00,  5.8558745947700013e+00,  1.7110942400483304e+02,  4.2366581933298336e-01, -6.2659707638340478e-01,  3.5547711917436040e+01,  2.6070299807629405e+00,  1.6656400296102907e+00,  2.1500000000000000e+01,  5.1016773621456872e+00, -1.0656337532440533e+01, -3.2495665917869898e-03,  3.5716666666667024e+01, -3.1895444839895706e+01,  6.4709437255109307e+01, -7.8543924093076103e-03, -7.1480955555556302e+03,  4.0030576929934959e+01,  1.5085347227267914e+02,  4.3370474457632022e-02
 2.7981345769487009e-01, -2.3046058058680501e+00,  1.9576575523490927e+01,  2.1260323717434584e+01,  4.5990226773712614e+01,  9.8568700533009335e-01,  6.0491064603116493e+00,  1.7744260199669071e+02,  4.7106675694328842e-01, -6.8015494337669224e-01,  3.6042408570891759e+01,  2.5821653082872351e+00,  1.7212967979999290e+00,  2.1500000000000000e+01,  4.7849342711902754e+00, -1.0002141641968464e+01, -3.3258925529024430e-03,  0.0000000000000000e+00, -3.1392276517054821e+01,  6.5923441370417521e+01, -7.4202583850022314e-03,  0.0000000000000000e+00,  6.0670176747954336e+01,  9.2109218004336029e+01,  4.3514214940017885e-02
 2.8980679546968685e-01, -2.2945851105986321e+00,  1.9432356268256878e+01,  2.0895480422585290e+01,  4.0124174127440021e+01,  5.3573764081623476e-01,  6.2256257475354317e+00,  1.8377550136893740e+02,  5.2145249176212460e-01, -7.3529327127835131e-01,  3.6477515809193434e+01,  2.5519829648214860e+00,  1.7754635896341295e+00,  2.1500000000000000e+01,  4.4742501166349316e+00, -9.3387470986547072e+00, -3.3978728886224774e-03,  0.0000000000000000e+00, -3.0705979021868750e+01,  6.6581528448287656e+01, -6.9847318024156861e-03,  0.0000000000000000e+00,  7.6680828621951235e+01,  3.9595942513407856e+01,  4.3649171788302667e-02
 2.9980013324450366e-01, -2.2800658545645547e+00,  1.9220478471943071e+01,  2.0510276976343885e+01,  3.4417781910580253e+01,  1.2137626315149173e-01,  6.3836772925815186e+00,  1.9010813178411522e+02,  5.7483432174901017e-01, -7.9191295145210461e-01,  3.6854637483806066e+01,  2.5169571523090011e+00,  1.8281706152321049e+00,  2.1500000000000000e+01,  4.1712238310463299e+00, -8.6713982352738412e+00, -3.4654941212385326e-03,  0.0000000000000000e+00, -2.9879136493324040e+01,  6.6757475613683340e+01, -6.5479503467024682e-03,  0.0000000000000000e+00,  8.8797922757463496e+01, -4.3830498122187986e+00,  4.3765356881769441e-02
 3.0979347101932042e-01, -2.2615790299879563e+00,  1.8944962081065924e+01,  2.0108194078964527e+01,  2.8869007850291570e+01, -2.5926745969049708e-01,  6.5218143536804254e+00,  1.9644050271710526e+02,  6.3121853678952466e-01, -8.4991682192048756e-01,  3.7175359351621900e+01,  2.4775501987112922e+00,  1.8794467899168639e+00,  2.1500000000000000e+01,  3.8770655098396478e+00, -8.0044870930514431e+00, -3.5287446477171303e-03,  0.0000000000000000e+00, -2.8947428418854134e+01,  6.6530216389077324e+01, -6.1101583936321816e-03,  0.0000000000000000e+00,  9.7667919879784876e+01, -4.1099096338930401e+01,  4.3851405992697198e-02
 3.1978680879413723e-01, -2.2396369109452507e+00,  1.8609975794171355e+01,  1.9692279675443832e+01,  2.3475519437133077e+01, -6.0808224044087245e-01,  6.6388643842158688e+00,  2.0277262339164557e+02,  6.9060687656813691e-01, -9.0921009230623895e-01,  3.7441245726345308e+01,  2.4342112473741664e+00,  1.9293185348662558e+00,  2.1500000000000000e+01,  3.5926609712424500e+00, -7.3416803860584388e+00, -3.5876158746089293e-03,  0.0000000000000000e+00, -2.7940475571596945e+01,  6.5966966149182767e+01, -5.6717215823628830e-03,  0.0000000000000000e+00,  1.0385690995127577e+02, -7.1626051671930213e+01,  4.3894414502661738e-02
 3.2978014656895405e-01, -2.2147289862479056e+00,  1.8219792084767345e+01,  1.9265181663535319e+01,  1.8234741936823131e+01, -9.2694006972798071e-01,  6.7338983633752694e+00,  2.0910450273364805e+02,  7.5299695558529778e-01, -9.6970067727488640e-01,  3.7653836670897867e+01,  2.3873753109656666e+00,  1.9778087396821193e+00,  2.1500000000000000e+01,  3.3186282898876756e+00, -6.6860267436340628e+00, -3.6421035067916718e-03,  0.0000000000000000e+00, -2.6882610085707530e+01,  6.5125035360485541e+01, -5.2331385604438381e-03,  0.0000000000000000e+00,  1.0785723595807454e+02, -9.6872363506045673e+01,  4.3880667617406124e-02
 3.3977348434377080e-01, -2.1873188834018720e+00,  1.7778748508514667e+01,  1.8829182157782380e+01,  1.3143899688213130e+01, -1.2176691206008761e+00,  6.8062033500652657e+00,  2.1543614933834695e+02,  8.1838265361047502e-01, -1.0312994520627399e+00,  3.7814645658166157e+01,  2.3374626125208802e+00,  2.0249358836551763e+00,  2.1500000000000000e+01,  3.0553669655321065e+00, -6.0400474341500008e+00, -3.6922089171227968e-03, -6.5232593232193095e+00, -2.5793579159409934e+01,  6.4051290904757565e+01, -4.7950452029896428e-03, -1.3055216325536251e+03,  1.1009415342495085e+02, -1.1801969356698075e+02,  4.3796416321093413e-02
 3.4976682211858762e-01, -2.1578429315917447e+00,  1.7291152784503616e+01,  1.8386225318040356e+01,  8.2085654232434102e+00, -1.4820306919913815e+00,  6.8558168862278537e+00,  2.2176757144109638e+02,  8.8675433350949873e-01, -1.0939205487957224e+00,  3.7925180803176467e+01,  2.2848772220287752e+00,  2.0707145029562879e+00,  2.1369621732380693e+01,  2.8031003919647590e+00, -5.4058543737854778e+00, -3.7379405195096527e-03, -2.8312137397995478e+01, -2.4689152022998833e+01,  6.2764596769043401e+01, -4.3581937478865554e-03, -3.0551591661449138e+03,  1.1093853080879070e+02, -1.3949069279394607e+02,  4.3632121560204622e-02
 3.5976015989340437e-01, -2.1267083140221530e+00,  1.6761065772498981e+01,  1.7937884477251959e+01,  3.4706490057623198e+00, -1.7216772869274073e+00,  6.8853672402972288e+00,  2.2809877682857822e+02,  9.5809775367942895e-01, -1.1574825823281572e+00,  3.7987179391394882e+01,  2.2299972537303359e+00,  2.1151668542771453e+00,  2.0934134495709618e+01,  2.5619128944528495e+00, -4.7855918025235509e+00, -3.7793147215442469e-03, -5.5459771255118717e+01, -2.3581624569382626e+01,  6.1241228931170632e+01, -3.9233979618136438e-03, -2.3779872897940199e+03,  1.1071463024159942e+02, -1.6538599049232477e+02,  4.3385008425854084e-02
 3.6975349766822119e-01, -2.0942836958819271e+00,  1.6192511804722496e+01,  1.7485333661689157e+01, -1.0211677833600596e+00, -1.9381148104651973e+00,  6.8981750105446524e+00,  2.3442977275409001e+02,  1.0323927503722041e+00, -1.2219099825797457e+00,  3.8002874033150761e+01,  2.1731636449802845e+00,  2.1583365819942331e+00,  2.0261165278247741e+01,  2.3317821127632410e+00, -4.1818458008773378e+00, -3.8163562016245156e-03, -7.3437655973965931e+01, -2.2480322775735342e+01,  5.9449313314037354e+01, -3.4914864529292169e-03, -1.2199867052712714e+03,  1.0969256872701074e+02, -1.9323605501660964e+02,  4.3054881552215943e-02
 3.7974683544303794e-01, -2.0608984303007674e+00,  1.5589610555633357e+01,  1.7029431889321646e+01, -5.2364173084604060e+00, -2.1327133293351772e+00,  6.8966190095191902e+00,  2.4076056598707129e+02,  1.1096140150176057e+00, -1.2871326202075579e+00,  3.7974900320100531e+01,  2.1146832994742586e+00,  2.2002843124044453e+00,  1.9466359892632351e+01,  2.1126059768831893e+00, -3.5973976656673750e+00, -3.8490979284648841e-03, -7.9766762793623585e+01, -2.1392170292401211e+01,  5.7390248878499662e+01, -3.0632930297296518e-03, -4.6678539569546444e+01,  1.0808301493759372e+02, -2.1885137401566334e+02,  4.2640895544123751e-02
 3.8974017321785476e-01, -2.0268467375128694e+00,  1.4956585103075811e+01,  1.6570837971234607e+01, -9.1719122704517329e+00, -2.3067362859577170e+00,  6.8815079615919892e+00,  2.4709116290418848e+02,  1.1897326682748341e+00, -1.3530847313304548e+00,  3.7906066328007732e+01,  2.0548379984729670e+00,  2.2410763462484007e+00,  1.8666892870647004e+01,  1.9042237458265081e+00, -3.0348055168300432e+00, -3.8775812455231762e-03, -8.0000000000000043e+01, -2.0322237764727610e+01,  5.5101865033666094e+01, -2.6396671818065369e-03,  7.1149044187121902e-11,  1.0604614826748264e+02, -2.3913051279702793e+02,  4.2140757486889016e-02
 3.9973351099267151e-01, -1.9923946005587823e+00,  1.4297586897483420e+01,  1.6110104552976491e+01, -1.2834320199502798e+01, -2.4613677387563762e+00,  6.8531771773741577e+00,  2.5342156956797243e+02,  1.2727177148286619e+00, -1.4197038805687043e+00,  3.7799141063241393e+01,  1.9938927947725333e+00,  2.2807743211770175e+00,  1.7867425848661664e+01,  1.7064320042370680e+00, -2.4960945670597918e+00, -3.9018560999866669e-03, -8.0000000000000043e+01, -1.9274176776637209e+01,  5.2635363599872797e+01, -2.2214770964060927e-03, -7.1149044187121902e-11,  1.0370579081567647e+02, -2.5449864081947328e+02,  4.1553018271253218e-02
 4.0972684876748833e-01, -1.9577822133070413e+00,  1.3616603605611164e+01,  1.5647711884031491e+01, -1.6230340260488799e+01, -2.5977192745636128e+00,  6.8121017504497550e+00,  2.5975179174906339e+02,  1.3585364015288710e+00, -1.4869307410335750e+00,  3.7656826296972064e+01,  1.9320971810719478e+00,  2.3194342914813046e+00,  1.7067958826676318e+01,  1.5189970281055780e+00, -1.9827995821223927e+00, -3.9219811874899868e-03, -8.0000000000000000e+01, -1.8250534915588165e+01,  5.0035868092417239e+01, -1.8095970115604683e-03,  3.5574522093560750e-11,  1.0115906697559461e+02, -2.6574706007260767e+02,  4.0877916042516511e-02
 4.1972018654230514e-01, -1.9232248193525265e+00,  1.2917446962185830e+01,  1.5184089965165651e+01, -1.9366671189035934e+01, -2.7168347945012350e+00,  6.7588735091102272e+00,  2.6608183494162643e+02,  1.4471543980637676e+00, -1.5547089871906792e+00,  3.7481756456963637e+01,  1.8696852179692329e+00,  2.3571072301881215e+00,  1.6268491804690974e+01,  1.3416644842719472e+00, -1.4960439056523829e+00, -3.9380239283323126e-03, -8.0000000000000043e+01, -1.7253001411230024e+01,  4.7341221329432877e+01, -1.4048912300553833e-03,  0.0000000000000000e+00,  9.8480638363291774e+01, -2.7354157875935812e+02,  4.0117201029368652e-02
 4.2971352431712190e-01, -1.8889137226461798e+00,  1.2203743351255397e+01,  1.4719637206762823e+01, -2.2249984512176049e+01, -2.8196959681715965e+00,  6.6941810208783243e+00,  2.7241170437938865e+02,  1.5385359653939701e+00, -1.6229851776643045e+00,  3.7276498799987714e+01,  1.8068757185555220e+00,  2.3938395271156567e+00,  1.5469024782705631e+01,  1.1741668866419535e+00, -1.0366059512876253e+00, -3.9500602926876294e-03, -8.0000000000000128e+01, -1.6282613346040879e+01,  4.4583124924364057e+01, -1.0081997515849913e-03,  0.0000000000000000e+00,  9.5726359749895167e+01, -2.7844544844174948e+02,  3.9273986861839187e-02
 4.3970686209193871e-01, -1.8550174293205828e+00,  1.1478926695724612e+01,  1.4254735804903124e+01, -2.4886902165537695e+01, -2.9072280040603058e+00,  6.6187921770665605e+00,  2.7874140505189013e+02,  1.6326441130241118e+00, -1.6917086317644134e+00,  3.7043553830301555e+01,  1.7438724777713959e+00,  2.4296734850064965e+00,  1.4669557760720286e+01,  1.0162291742244947e+00, -6.0497545280033682e-01, -3.9581744896564630e-03, -7.9999999999999957e+01, -1.5339927021129890e+01,  4.1788083528077664e+01, -6.2032537212813345e-04,  5.3361783140341426e-11,  9.2936596742292210e+01, -2.8093550300170011e+02,  3.8352605613459996e-02
 4.4970019986675547e-01, -1.8216828867746244e+00,  1.0746233310495194e+01,  1.3789764079883685e+01, -2.7283977835222174e+01, -2.9803054603943178e+00,  6.5335390029485829e+00,  2.8507094172060687e+02,  1.7294407462813353e+00, -1.7608313027994882e+00,  3.6785355923153723e+01,  1.6808645379184095e+00,  2.4646478138778170e+00,  1.3870090738734946e+01,  8.6757274231557335e-01, -2.0140108397095016e-01, -3.9624585346355601e-03, -7.9999999999999957e+01, -1.4425158045975948e+01,  3.8978200686985979e+01, -2.4202226335521095e-04, -5.3361783140341426e-11,  9.0139167485183407e+01, -2.8141571626211532e+02,  3.7358456555627591e-02
 4.5969353764157228e-01, -1.7890367912820011e+00,  1.0008698436554708e+01,  1.3325106042415239e+01, -2.9447681458436566e+01, -3.0397578847977305e+00,  6.4393043904333416e+00,  2.9140031893468836e+02,  1.8288868046809037e+00, -1.8303076506526850e+00,  3.6504274118497371e+01,  1.6180264837307621e+00,  2.4987981230950904e+00,  1.3070623716749601e+01,  7.2791822060738720e-01,  1.7406919783895625e-01, -3.9630117101099316e-03, -7.9999999999999957e+01, -1.3538293843245848e+01,  3.6171850032342604e+01,  1.2601392633142532e-04,  5.3361783140341426e-11,  8.7351921621199807e+01, -2.8022859475384467e+02,  3.6297852873657908e-02
 4.6968687541638904e-01, -1.7571869397932005e+00,  9.2691542243235219e+00,  1.2861158463642173e+01, -3.1384386406055452e+01, -3.0863751251581917e+00,  6.3370104945987382e+00,  2.9772954104611540e+02,  1.9309423923483673e+00, -1.9000945156058151e+00,  3.6202613055349047e+01,  1.5555187620058777e+00,  2.5321574102354933e+00,  1.2271156694764262e+01,  5.9698725577501688e-01,  5.2155394665548405e-01, -3.9599399351752385e-03, -7.9999999999999957e+01, -1.2679182096542105e+01,  3.3384241694366139e+01,  4.8315444596013429e-04, -5.3361783140341426e-11,  8.4584975952442548e+01, -2.7766475395317889e+02,  3.5177869788034402e-02
 4.7968021319120585e-01, -1.7262236053245488e+00,  8.5302289760112906e+00,  1.2398335728402106e+01, -3.3100358945217963e+01, -3.1209121993752800e+00,  6.2276085738284728e+00,  3.0405861222414092e+02,  2.0355669013479574e+00, -1.9701509949718456e+00,  3.5882614021675110e+01,  1.4934880220315860e+00,  2.5647565454986050e+00,  1.1471689672778917e+01,  4.7450352180907740e-01,  8.4130920505480156e-01, -3.9533550589581634e-03, -8.0000000000000000e+01, -1.1847598454423242e+01,  3.0627900637392695e+01,  8.2884431872426434e-04,  0.0000000000000000e+00,  8.1842630290272254e+01, -2.7397096958242122e+02,  3.4006196747827122e-02
 4.8967355096602266e-01, -1.6962209184802077e+00,  7.7943474900070999e+00,  1.1937072748392250e+01, -3.4601749643066334e+01, -3.1440936492130689e+00,  6.1120700862945414e+00,  3.1038753646891792e+02,  2.1427191286476521e+00, -2.0404383236964350e+00,  3.5546456098445887e+01,  1.4320674739873929e+00,  2.5966247502032247e+00,  1.0672222650793572e+01,  3.6019314942411873e-01,  1.1337038594614688e+00, -3.9433740926957395e-03, -7.9999999999999957e+01, -1.1043296557586133e+01,  2.7913070934532222e+01,  1.1626077724395912e-03,  5.3361783140341426e-11,  7.9124989330067464e+01, -2.6935694828340445e+02,  3.2790995789066343e-02
 4.9966688874083942e-01, -1.6672382403307893e+00,  7.0637323766815552e+00,  1.1477826204482977e+01, -3.5894586425679407e+01, -3.1566173343186352e+00,  5.9913788837646180e+00,  3.1671631762425545e+02,  2.2523573873393095e+00, -2.1109197597997991e+00,  3.5196257379675373e+01,  1.3713772631868397e+00,  2.6277900677525601e+00,  9.8727556288082319e+00,  2.5378473651421807e-01,  1.3991986974172042e+00, -3.9301183946189311e-03, -7.9999999999999957e+01, -1.0266043192502197e+01,  2.5248057755851569e+01,  1.4840522931100705e-03, -5.3361783140341426e-11,  7.6429317468730886e+01, -2.6400102254321695e+02,  3.1540767614452299e-02
 5.0966022651565623e-01, -1.6393215141591782e+00,  6.3404062355554247e+00,  1.1021074376416390e+01, -3.6984769050731813e+01, -3.1591576474892098e+00,  5.8665243677574113e+00,  3.2304495938946991e+02,  2.3644396126314149e+00, -2.1815604752664512e+00,  3.4834076252951490e+01,  1.3115248585102810e+00,  2.6582798253383446e+00,  9.0732886068228868e+00,  1.5500907495705291e-01,  1.6383285980860836e+00, -3.9137128210146588e-03, -8.0000000000000000e+01, -9.5156411052153835e+00,  2.2639516961245750e+01,  1.7928713846659203e-03,  0.0000000000000000e+00,  7.3751153600264558e+01, -2.5805494181721338e+02,  3.0264226575592607e-02
 5.1965356429047305e-01, -1.6125045855578719e+00,  5.6261945996116500e+00,  1.0567315804455912e+01, -3.7878064789754333e+01, -3.1523681522692653e+00,  5.7384954934364849e+00,  3.2937346533032076e+02,  2.4789234630447750e+00, -2.2523274527484318e+00,  3.4461912727236182e+01,  1.2526054536894202e+00,  2.6881210845775163e+00,  8.2738215848375418e+00,  6.3598705097521094e-02,  1.8516873775220504e+00, -3.8942848559513910e-03, -8.0000000000000043e+01, -8.7919417417892625e+00,  2.0092700608411157e+01,  2.0888461279116024e-03,  8.8936305233902868e-11,  7.1085212333426213e+01, -2.5164790426344041e+02,  2.8970185372641111e-02
 5.2964690206528975e-01, -1.5868104820783628e+00,  4.9227295645038067e+00,  1.0117067011958003e+01, -3.8580105147212421e+01, -3.1368836596421392e+00,  5.6082755237920878e+00,  3.3570183888903841e+02,  2.5957664171688202e+00, -2.3231893882748409e+00,  3.4081709796639522e+01,  1.1947023802794865e+00,  2.7173410792275181e+00,  7.4743545628522048e+00, -2.0712612087368854e-02,  2.0399148860623213e+00, -3.8719637311829813e-03, -8.0000000000000043e+01, -8.0948499230041229e+00,  1.7611665358308866e+01,  2.3718456385786475e-03, -7.1149044187122302e-11,  6.8426096999440588e+01, -2.4488995045703314e+02,  2.7667450028857045e-02
 5.3964023984010656e-01, -1.5622526451497833e+00,  4.2314540293399743e+00,  9.6708595009336840e+00, -3.9096383469909618e+01, -3.1133217725747349e+00,  5.4768374510348705e+00,  3.4203008339346309e+02,  2.7149258662779894e+00, -2.3941166000295198e+00,  3.3695354830504314e+01,  1.1378875312203007e+00,  2.7459676381057516e+00,  6.6748875408668598e+00, -9.8190433936538118e-02,  2.2036860189272898e+00, -3.8468795467193062e-03, -8.0000000000000000e+01, -7.4243222144923280e+00,  1.5199449644143639e+01,  2.6418265287946564e-03,  0.0000000000000000e+00,  6.5768848397377766e+01, -2.3787482113788309e+02,  2.6364725466376290e-02
 5.4963357761492337e-01, -1.5388361083367954e+00,  3.5536264822838843e+00,  9.2292362149614924e+00, -3.9432253322268132e+01, -3.0822839360308119e+00,  5.3451400140965362e+00,  3.4835820206532361e+02,  2.8363592030631692e+00, -2.4650809430877416e+00,  3.3304680981521948e+01,  1.0822217938682210e+00,  2.7740295913444624e+00,  5.8754205188815147e+00, -1.6910013136436444e-01,  2.3437013546328145e+00, -3.8191624014935477e-03, -7.9999999999999957e+01, -6.7803605223800512e+00,  1.2858224531013025e+01,  2.8988314788012805e-03,  8.8936305233901876e-12,  6.3109351584025667e+01, -2.3068236483665609e+02,  2.5070531861615973e-02
 5.5962691538974019e-01, -1.5165586172302028e+00,  2.8903262690015414e+00,  8.7927476457215370e+00, -3.9592927521520075e+01, -3.0443560362748210e+00,  5.2141242510433061e+00,  3.5468619802769342e+02,  2.9600239067011826e+00, -2.5360557299754873e+00,  3.2911468604776353e+01,  1.0277554912987190e+00,  2.8015571581445626e+00,  5.0759534968961706e+00, -2.3370729980689256e-01,  2.4606791807729871e+00, -3.7889415424794404e-03, -7.9999999999999957e+01, -6.1630022302592478e+00,  1.0589422403532447e+01,  3.1429870265234951e-03, -8.8936305233901876e-12,  6.0444621279084132e+01, -2.2338056760978910e+02,  2.3793131755856491e-02
 5.6962025316455700e-01, -1.4954116873831254e+00,  2.2424592854855194e+00,  8.3619477412853165e+00, -3.9583477742335639e+01, -3.0001085972714168e+00,  5.0847105333649054e+00,  3.6101407431166490e+02,  3.0858776244641328e+00, -2.6070156567784579e+00,  3.2517446681614992e+01,  9.7452883055278594e-01,  2.8285823142505491e+00,  4.2764864749108256e+00, -2.9227805735222445e-01,  2.5553487044702390e+00, -3.7563445395377149e-03, -8.0000000000000000e+01, -5.5723079967935787e+00,  8.3938469541510585e+00,  3.3745006822122241e-03,  8.8936305233902868e-11,  5.7772984645185034e+01, -2.1602726565975027e+02,  2.2540467869310819e-02
 5.7961359093937370e-01, -1.4753815977372824e+00,  1.6107640394184333e+00,  7.9373897563978879e+00, -3.9408834613405531e+01, -2.9500966241203734e+00,  4.9577960357769850e+00,  3.6734183386228625e+02,  3.2138782500584577e+00, -2.6779367345188803e+00,  3.2124294243099008e+01,  9.2257235634545998e-01,  2.8551391374537709e+00,  3.4770194529254894e+00, -3.4507921180143408e-01,  2.6284442764588838e+00, -3.7214964922020477e-03, -7.6598333267375210e+01, -5.0083483814835930e+00,  6.2727392176959365e+00,  3.5936574239303631e-03,  6.8078690208922183e+02,  5.5094133032187067e+01, -2.0847709599613620e+02,  2.1320101373212962e-02
 5.8960692871419051e-01, -1.4564502818279834e+00,  9.9585144606249221e-01,  7.5196224178759685e+00, -3.9078044048908176e+01, -2.8948598131550169e+00,  4.8339645189242901e+00,  3.7366947954308006e+02,  3.3439840698506265e+00, -2.7487961817078030e+00,  3.1733630760122296e+01,  8.7190779818555209e-01,  2.8812634983409127e+00,  2.7455404402530981e+00, -3.9237829149246917e-01,  2.6807199080217896e+00, -3.6845192745690869e-03, -6.6557290295609505e+01, -4.4711899121353893e+00,  4.2370212341576439e+00,  3.8008033419197045e-03,  1.3287604979934042e+03,  5.2409181966694973e+01, -1.9893792977598841e+02,  2.0136701680391320e-02
 5.9960026648900733e-01, -1.4385961650192485e+00,  3.9832042694379866e-01,  7.1091873023100227e+00, -3.8616820743005228e+01, -2.8349285867601135e+00,  4.7126206736866481e+00,  3.7999701413387584e+02,  3.4761545863563961e+00, -2.8195719043796998e+00,  3.1346901679305084e+01,  8.2255262303654408e-01,  2.9069866621441465e+00,  2.1467604863243634e+00, -4.3444343389607898e-01,  2.7131282451629009e+00, -3.6455310689791354e-03, -5.4034687046388697e+01, -3.9608743473258303e+00,  2.3130969975855242e+00,  3.9963054114993228e-03,  1.1774298322839813e+03,  4.9721973070524456e+01, -1.8610344076997751e+02,  1.8989779178142929e-02
 6.0959360426382414e-01, -1.4217948655567625e+00, -1.8132872749876106e-01,  6.7066103198240619e+00, -3.8052671564038270e+01, -2.7708282806212021e+00,  4.5929683834139112e+00,  3.8632444031582457e+02,  3.6103513050492180e+00, -2.8902420280555816e+00,  3.0965272536555187e+01,  7.7452418337124795e-01,  2.9323290918382163e+00,  1.6655666818309363e+00, -4.7154300196533738e-01,  2.7269510272273632e+00, -3.6046464149122048e-03, -4.3009158043234713e+01, -3.4773895820582257e+00,  5.2897588132124462e-01,  4.1805133861343271e-03,  1.0291460388806222e+03,  4.7039444618369657e+01, -1.7095866529838193e+02,  1.7876376812137992e-02
 6.1958694203864084e-01, -1.4060193097540150e+00, -7.4271847939846403e-01,  6.3123890637398610e+00, -3.7409595280614404e+01, -2.7030752005451557e+00,  4.4743595715096482e+00,  3.9265176066843651e+02,  3.7465377000846196e+00, -2.9607849479762081e+00,  3.0589651047372485e+01,  7.2783933767496301e-01,  2.9573013855825407e+00,  1.2871503988513207e+00, -5.0394489123235242e-01,  2.7237007144764500e+00, -3.5619765042995688e-03, -3.3407318402025297e+01, -3.0206455498637368e+00, -1.0971557845574571e+00,  4.3537483649137756e-03,  8.9250213464675983e+02,  4.4370261024820969e+01, -1.5448448543280995e+02,  1.6793716940922444e-02
 6.2958027981345766e-01, -1.3912398264515105e+00, -1.2855780583980561e+00,  5.9269826754579320e+00, -3.6708362038925735e+01, -2.6321724215782463e+00,  4.3562728453291841e+00,  3.9897897766680535e+02,  3.8846790933654813e+00, -3.0311794272874977e+00,  3.0220720927932376e+01,  6.8251373331558307e-01,  2.9819058313354856e+00,  9.9786544794635545e-01, -5.3191566452090822e-01,  2.7050225305340097e+00, -3.5176294589179258e-03, -2.5113076606326882e+01, -2.5904604273607310e+00, -2.5558247090288533e+00,  4.5163047770476238e-03,  7.6745212339898649e+02,  4.1724121492110903e+01, -1.3744378865140101e+02,  1.5739239674136547e-02
 6.3957361758827447e-01, -1.3774243212005786e+00, -1.8097286493380551e+00,  5.5508044842062993e+00, -3.5966791298663665e+01, -2.5586062353810179e+00,  4.2382952534000857e+00,  4.0530609368023687e+02,  4.0247425388187441e+00, -3.1014046843283722e+00,  2.9858972874576409e+01,  6.3856124967337058e-01,  3.0061377788368664e+00,  7.8522348466757097e-01, -5.5571958331817661e-01,  2.6726182752553536e+00, -3.4717105860374575e-03, -1.8011660106472700e+01, -2.1865529145922671e+00, -3.8442873633344168e+00,  4.6684525882423680e-03,  6.5377803210516026e+02,  3.9111235396617467e+01, -1.2042053723028522e+02,  1.4710608939638341e-02
 6.4956695536309128e-01, -1.3645385090783293e+00, -2.3150698818552611e+00,  5.1842170548478883e+00, -3.5200024376273653e+01, -2.4828432086601442e+00,  4.1201066322471691e+00,  4.1163311097217183e+02,  4.1666967112523370e+00, -3.1714404693211691e+00,  2.9504732773050449e+01,  5.9599357790080454e-01,  3.0299868510828061e+00,  6.3787224128800613e-01, -5.7561758819696962e-01,  2.6281880062834881e+00, -3.4243226117178782e-03, -1.1991156695819287e+01, -1.8085393147849134e+00, -4.9649013641793927e+00,  4.8104395861104871e-03,  5.5112538381360707e+02,  3.6541886378160747e+01, -1.0385167813882212e+02,  1.3705722233701095e-02
 6.5956029313790809e-01, -1.3525461882587706e+00, -2.8015676805098386e+00,  4.8275292883277139e+00, -3.4420788253572475e+01, -2.4053278161259737e+00,  4.0014661394746600e+00,  4.1796003170121566e+02,  4.3105117995806257e+00, -3.2412671307429264e+00,  2.9158187211007171e+01,  5.5481991709167300e-01,  3.0534380125890399e+00,  5.4556012632341411e-01, -5.9186627182153939e-01,  2.5733864025535667e+00, -3.3755658907787534e-03, -6.9437237871161743e+00, -1.4559345727539095e+00, -5.9237911253090596e+00,  4.9424937456111285e-03,  4.5903418898151943e+02,  3.4026075993645989e+01, -8.8054126055255708e+01,  1.2722716887688576e-02
 6.6955363091272480e-01, -1.3414095394003880e+00, -3.2692434794906924e+00,  4.4809952390819525e+00, -3.3639648096989902e+01, -2.3264806090926133e+00,  3.8822006373229403e+00,  4.2428685792309784e+02,  4.4561594043281945e+00, -3.3108656717977283e+00,  2.8819406396365089e+01,  5.1504676877416156e-01,  3.0764725095775352e+00,  4.9909028684864265e-01, -6.0471688012409630e-01,  2.5097911150381376e+00, -3.3255385928182557e-03, -2.7665086585638576e+00, -1.1281565170933743e+00, -6.7297620737996553e+00,  5.0648256387568783e-03,  3.7696579874608744e+02,  3.1573238879215999e+01, -7.3247526435996136e+01,  1.1759972660547589e-02
 6.7954696868754161e-01, -1.3310894385331267e+00, -3.7181647648163247e+00,  4.1448143390392396e+00, -3.2865246603066232e+01, -2.2466968783355008e+00,  3.7621946473253725e+00,  4.3061359159339639e+02,  4.6036124393970539e+00, -3.3802177974630467e+00,  2.8488364605967327e+01,  4.7667781367025253e-01,  3.0990686954580040e+00,  4.9026681535944644e-01, -6.1441437009788924e-01,  2.4388808314583041e+00, -3.2743368640214543e-03,  6.3768072784844709e-01, -8.2453262614165945e-01, -7.3934242930828225e+00,  5.1776308519225550e-03,  3.0432597045456185e+02,  2.9192022496586151e+01, -5.9573405716549615e+01,  1.0816110667682117e-02
 6.8954030646235842e-01, -1.3215457734445408e+00, -4.1484368772437099e+00,  3.8191327465556277e+00, -3.2104528853772976e+01, -2.1663457677040423e+00,  3.6413816436401367e+00,  4.3694023457087451e+02,  4.7528450381232075e+00, -3.4493059526812431e+00,  2.8164958304690970e+01,  4.3971385656411721e-01,  3.1212027535126623e+00,  5.1183540466040378e-01, -6.2119654620287701e-01,  2.3620211424915118e+00, -3.2220549648651065e-03,  3.3599182199349595e+00, -5.4430870444481383e-01, -7.9264920946846562e+00,  5.2810923749159709e-03,  2.4048449296168423e+02,  2.6890125032342411e+01, -4.7111230310697103e+01,  9.8899888007334853e-03
 6.9953364423717523e-01, -1.3127377555949806e+00, -4.5601959889211852e+00,  3.5040455689926056e+00, -3.1362951843307901e+01, -2.0857697935505555e+00,  3.5197364915791152e+00,  4.4326678862129404e+02,  4.9038324636643065e+00, -3.5181133523001336e+00,  2.7849022085675202e+01,  4.0415282688324305e-01,  3.1428493274570211e+00,  5.5742041069458903e-01, -6.2529329157246916e-01,  2.2804566057151061e+00, -3.1687853841763647e-03,  5.4848825898668538e+00, -2.8665891993118414e-01, -8.3412308685313281e+00,  5.3753829284040088e-03,  1.8479170960734714e+02,  2.4674185174985816e+01, -3.5891822961807840e+01,  8.9806939706664965e-03
 7.0952698201199194e-01, -1.3046242213555388e+00, -4.9536031544197217e+00,  3.1995997383095194e+00, -3.0644678237263051e+01, -2.0052847244123044e+00,  3.3972688700545963e+00,  4.4959325542158263e+02,  5.0565510237582281e+00, -3.5866240033974464e+00,  2.7540342588501101e+01,  3.6998982421185067e-01,  3.1639820694875698e+00,  6.2145997341190617e-01, -6.2692590502894996e-01,  2.1953076674375884e+00, -3.1146189303200567e-03,  7.0907318843173917e+00, -5.0696714468922432e-02, -8.6500267312581087e+00,  5.4606671996760047e-03,  1.3659226252202157e+02,  2.2549717544861654e+01, -2.5908522365245354e+01,  8.0875315199023905e-03
 7.1952031978680875e-01, -1.2971639178723535e+00, -5.3288393305722286e+00,  2.9057973489730351e+00, -2.9952754255162620e+01, -1.9251797755900251e+00,  3.2740175431953333e+00,  4.5591963656424736e+02,  5.2109779898788409e+00, -3.6548227206403681e+00,  2.7238670554700469e+01,  3.3721719942522910e-01,  3.1845741144997506e+00,  6.9914056827588222e-01, -6.2630655035599192e-01,  2.1075713279417934e+00, -3.0596448005719146e-03,  8.2491027725316624e+00,  1.6451383756618240e-01, -8.8650580801414716e+00,  5.5371039607673735e-03,  9.5236364572603307e+01,  2.0521087602430757e+01, -1.7126418257954672e+01,  7.2100122665229990e-03
 7.2951365756162556e-01, -1.2903157701457530e+00, -5.6861012581517070e+00,  2.6225992959494029e+00, -2.9289271836884719e+01, -1.8457180742520856e+00,  3.1500453681774832e+00,  4.6224593356194072e+02,  5.3670915207942915e+00, -3.7226951353386539e+00,  2.6943731179542191e+01,  3.0582466345843740e-01,  3.2045984883379339e+00,  7.8633211410207970e-01, -6.2363782033408954e-01,  2.0181246278611429e+00, -3.0039506299716079e-03,  9.0252116197388386e+00,  3.5994658701125271e-01, -8.9980512495438809e+00,  5.6048480474433070e-03,  6.0088886048459017e+01,  1.8591519986509226e+01, -9.4899480451143106e+00,  6.3478376135538929e-03
 7.3950699533644237e-01, -1.2840391269892280e+00, -6.0255981006282155e+00,  2.3499290770410148e+00, -2.8655515470032690e+01, -1.7671373523637828e+00,  3.0254349441729205e+00,  4.6857214785209999e+02,  5.5248705905084936e+00, -3.7902276988334052e+00,  2.6655232916205865e+01,  2.7579941690829468e-01,  3.2240284572026248e+00,  8.7952454468638575e-01, -6.1911241470620004e-01,  1.9277301970381844e+00, -2.9476225211426677e-03,  9.4780367814090898e+00,  5.3660208882269311e-01, -9.0601051273730739e+00,  5.6640521820558887e-03,  3.0536522973813881e+01,  1.6763134442686962e+01, -2.9291013710991884e+00,  5.5008831935774473e-03
 7.4950033311125919e-01, -1.2782939844240673e+00, -6.3475487400497519e+00,  2.0876766480492321e+00, -2.8052094225709844e+01, -1.6896508269801711e+00,  2.9002848219222090e+00,  4.7489828080159168e+02,  5.6842949205403865e+00, -3.8574076808454265e+00,  2.6372874883697047e+01,  2.4712629472097847e-01,  3.2428378246738494e+00,  9.7576656009959695e-01, -6.1291292848553469e-01,  1.8370432462347652e+00, -2.8907450567126625e-03,  9.6605641781729190e+00,  6.9549685027995023e-01, -9.0615718808632586e+00,  5.7148686277489679e-03,  5.9932933651762488e+00,  1.5037003816958084e+01,  2.6355551059424052e+00,  4.6691814711243840e-03
 7.5949367088607589e-01, -1.2730411857967283e+00, -6.6521796366586239e+00,  1.8357022410341557e+00, -2.7479059680471472e+01, -1.6134482301244182e+00,  2.7747062053746880e+00,  4.8122433371130489e+02,  5.8453449164699922e+00, -3.9242231633852498e+00,  2.6096353023616157e+01,  2.1978792114729684e-01,  3.2610011822029690e+00,  1.0726071065419398e+00, -6.0521174481386264e-01,  1.7466194998856881e+00, -2.8334012960710697e-03,  9.6200805705331671e+00,  8.3765324332529456e-01, -9.0119829150416972e+00,  5.7574506657529501e-03, -1.4095412707478586e+01,  1.3413228977850242e+01,  7.2888499204796240e+00,  3.8529037347392100e-03
 7.6948700866089270e-01, -1.2682425984888823e+00, -6.9397231665078953e+00,  1.5938400752562245e+00, -2.6936010497958446e+01, -1.5386969534802946e+00,  2.6488200865965315e+00,  4.8755030782064853e+02,  6.0080016086564294e+00, -3.9906630307868909e+00,  2.5825365143534661e+01,  1.9376487096298511e-01,  3.2784941183701437e+00,  1.1680399892241766e+00, -5.9617102488809381e-01,  1.6569236676529864e+00, -2.7756727582632368e-03,  9.3985011095645543e+00,  9.6409022682546985e-01, -8.9200108871386199e+00,  5.7919538913818224e-03, -3.0250023414362339e+01,  1.1891025986652529e+01,  1.1117818597179374e+01,  3.0523418211256519e-03
 7.7948034643570951e-01, -1.2638612675549439e+00, -7.2104163595505115e+00,  1.3619019072685887e+00, -2.6422184509786085e+01, -1.4655432763432301e+00,  2.5227547631428808e+00,  4.9387620431191453e+02,  6.1722465970116644e+00, -4.0567169564110372e+00,  2.5559614976578310e+01,  1.6903583366203367e-01,  3.2952933916956275e+00,  1.2604518988716782e+00, -5.8594278624972929e-01,  1.5683381363852489e+00, -2.7176393928455833e-03,  9.0327197002056092e+00,  1.0758149802674619e+00, -8.7934600632083431e+00,  5.8185373278848360e-03, -4.2955029312007838e+01,  1.0468821335538122e+01,  1.4209219632066809e+01,  2.2678899376774760e-03
 7.8947368421052633e-01, -1.2598615469784136e+00, -7.4644999690296743e+00,  1.1396803811866434e+00, -2.5936539176103807e+01, -1.3941136485972967e+00,  2.3966436936663014e+00,  5.0020202431448064e+02,  6.3380619996954639e+00, -4.1223753864833270e+00,  2.5298815378139974e+01,  1.4557777794667759e-01,  3.3113770713255577e+00,  1.3485740272029700e+00, -5.7466905992605255e-01,  1.4811716344109804e+00, -2.6593795405173704e-03,  8.5549724850821676e+00,  1.1738155112124826e+00, -8.6392785613004879e+00,  5.8373643604192260e-03, -5.2658113341373316e+01,  9.1443515909240887e+00,  1.6647638283101781e+01,  1.5000268401986197e-03
 7.9946702198534303e-01, -1.2562092095047319e+00, -7.7022178112004642e+00,  9.2695215253831975e-01, -2.5477821325839560e+01, -1.3245160038269019e+00,  2.2706236529749857e+00,  5.0652776890882973e+02,  6.5054304055817784e+00, -4.1876295215570281e+00,  2.5042690771676426e+01,  1.2336611436779599e-01,  3.3267246494834786e+00,  1.4314373582670574e+00, -5.6248211647199819e-01,  1.3956676787976314e+00, -2.6009698853088903e-03,  7.9932063479987825e+00,  1.2590542648874261e+00, -8.4635871060715573e+00,  5.8486034950102593e-03, -5.9770016226915253e+01,  7.9147643112213437e+00,  1.8514078290048012e+01,  7.4929862928673656e-04
 8.0946035976015984e-01, -1.2528715362028606e+00, -7.9238163222456715e+00,  7.2348076946700246e-01, -2.5044627078566538e+01, -1.2568410809572788e+00,  2.1448331522921320e+00,  5.1285343913037286e+02,  6.6743348303348489e+00, -4.2524712959821045e+00,  2.4790978946476553e+01,  1.0237485442320882e-01,  3.3413171291847239e+00,  1.5083316490816927e+00, -5.4950475083436523e-01,  1.3120126649358665e+00, -2.5424854000441477e-03,  7.3714457571348042e+00,  1.3324627355399519e+00, -8.2717198463630748e+00,  5.8524289496254310e-03, -6.4665003357987189e+01,  6.7767176153722231e+00,  1.9884955952933947e+01,  1.6302354369555487e-05
 8.1945369753497665e-01, -1.2498173870370692e+00, -8.1295442865696437e+00,  5.2901930360419769e-01, -2.4635452837365083e+01, -1.1911637359864558e+00,  2.0194110942904060e+00,  5.1917903597306429e+02,  6.8447586759244459e+00, -4.3168933557772107e+00,  2.4543432301283769e+01,  8.2576764807320568e-02,  3.3551370903494626e+00,  1.5787680529466341e+00, -5.3585061609478390e-01,  1.2303434979909074e+00, -2.4839992867154437e-03,  6.7101525289812010e+00,  1.3949370554582390e+00, -8.0682735803554060e+00,  5.8490210862336030e-03, -6.7681814703153563e+01,  5.7264762776076497e+00,  2.0831423417400678e+01, -6.9832941452075293e-04
 8.2944703530979347e-01, -1.2470172538118049e+00, -8.3196526973762861e+00,  3.4331272984201178e-01, -2.4248738217829064e+01, -1.1275442283757000e+00,  1.8944956357322884e+00,  5.2550456039280516e+02,  7.0166856934037574e+00, -4.3808890352229355e+00,  2.4299818618841755e+01,  6.3943515831602848e-02,  3.3681687371195701e+00,  1.6424452905669935e+00, -5.2162459649476012e-01,  1.1507546986396222e+00, -2.4255829133106310e-03,  6.0265742058506282e+00,  1.4473345185688364e+00, -7.8571624100466249e+00,  5.8385666941032227e-03, -6.9124993699378081e+01,  4.7600026729265279e+00,  2.1418958800396535e+01, -1.3939429305060546e-03
 8.3944037308461028e-01, -1.2444432968898127e+00, -8.4943947165179203e+00,  1.6610005970513697e-01, -2.3882901744983201e+01, -1.0660294694701375e+00,  1.7702232333572530e+00,  5.3183001331063394e+02,  7.1900999487701185e+00, -4.4444523324873444e+00,  2.4059921447914316e+01,  4.6445823309028356e-02,  3.3803979288825303e+00,  1.6992192362747616e+00, -5.0692321066036339e-01,  1.0733049421605281e+00, -2.3673057485255056e-03,  5.3350777131916471e+00,  1.4904709809177867e+00, -7.6416754232769462e+00,  5.8212591356247359e-03, -6.9266504364778953e+01,  3.8730413251751079e+00,  2.1707170151784858e+01, -2.0698764396614995e-03
 8.4943371085942698e-01, -1.2420693670924265e+00, -8.6540257060308967e+00, -2.8837627688105272e-03, -2.3536370109525837e+01, -1.0066542229016482e+00,  1.6467278511126935e+00,  5.3815539561570483e+02,  7.3649857917279018e+00, -4.5075778845475725e+00,  2.3823540161185718e+01,  3.0053583423301333e-02,  3.3918121972303505e+00,  1.7490757578526357e+00, -4.9183503658301231e-01,  9.9802301129897752e-01, -2.3092352956765594e-03,  4.6474658086976666e+00,  1.5251190697017547e+00, -7.4245354905960426e+00,  5.7972983665716179e-03, -6.8347558121283555e+01,  3.0611961767897053e+00,  2.1749768375421255e+01, -2.7254721401692400e-03
 8.5942704863424380e-01, -1.2398710141706033e+00, -8.7988033085655015e+00, -1.6390619061047573e-01, -2.3207601729396863e+01, -9.4944224926715004e-01,  1.5241403089990659e+00,  5.4448070816805932e+02,  7.5413278271740829e+00, -4.5702609416257474e+00,  2.3590489749737991e+01,  1.4736000291657447e-02,  3.4024007508313048e+00,  1.7921066275212170e+00, -4.7644115063967551e-01,  9.2491316020324588e-01, -2.2514370270084183e-03,  3.9732745639210321e+00,  1.5520071253649887e+00, -7.2079576775179177e+00,  5.7668908431295785e-03, -6.6580583000008801e+01,  2.3200000299472565e+00,  2.1594671281939391e+01, -3.3600868846911393e-03
 8.6942038640906061e-01, -1.2378254831970708e+00, -8.9289875581025413e+00, -3.1723561473669903e-01, -2.2895105313834392e+01, -8.9440738946996312e-01,  1.4025877557454396e+00,  5.5080595180119576e+02,  7.7191108892299169e+00, -4.6324973413520638e+00,  2.3360600407567357e+01,  4.6170608353479636e-04,  3.4121544699653930e+00,  1.8284883074313374e+00, -4.6081557371762272e-01,  8.5395989982293619e-01, -2.1939743194647754e-03,  3.3200507411196614e+00,  1.5718187972026902e+00, -6.9937061202240152e+00,  5.7302493281168130e-03, -6.4151278069971866e+01,  1.6449758938380468e+00,  2.1284207051146861e+01, -3.9731016531970587e-03
 8.7941372418387742e-01, -1.2359117001784625e+00, -9.0448410059686140e+00, -4.6314010036510211e-01, -2.2597454076226732e+01, -8.4155458295976748e-01,  1.2821932492905663e+00,  5.5713112732444597e+02,  7.8983200176466886e+00, -4.6942834828259947e+00,  2.3133716952869907e+01, -1.2801126318664036e-02,  3.4210658922690906e+00,  1.8584634044922963e+00, -4.4502571831716997e-01,  7.8513222508884151e-01, -2.1369083928688415e-03,  2.6936084533802198e+00,  1.5851932114290783e+00, -6.7831485033886114e+00,  5.6875926086714318e-03, -6.1220705116281401e+01,  1.0316902066697615e+00,  2.0855390664845110e+01, -4.5639297984718628e-03
 8.8940706195869423e-01, -1.2341102481221924e+00, -9.1466288502640616e+00, -6.0188630261498233e-01, -2.2313296190367279e+01, -7.9088081871310800e-01,  1.1630754306474558e+00,  5.6345623552516622e+02,  8.0789404364190869e+00, -4.7556163007229770e+00,  2.2909698126610724e+01, -2.5084678031888519e-02,  3.4291291910497455e+00,  1.8823245856467983e+00, -4.2913283131730795e-01,  7.1838731148072510e-01, -2.0802982513367652e-03,  2.0982649342801309e+00,  1.5927256313403029e+00, -6.5773075202430382e+00,  5.6391451374605116e-03, -5.7927377839619083e+01,  4.7579809822821517e-01,  2.0340251428696515e+01, -5.1320241065465448e-03
 8.9940039973351094e-01, -1.2324033347240402e+00, -9.2346190594526814e+00, -7.3373854463940802e-01, -2.2041362033157714e+01, -7.4237601817100662e-01,  1.0453482781985786e+00,  5.6978127717075313e+02,  8.2609575344464297e+00, -4.8164932395720825e+00,  2.2688415803194147e+01, -3.6421386095993213e-02,  3.4363401473631980e+00,  1.9004007449509264e+00, -4.1319242788398614e-01,  6.5367371369157934e-01, -2.0242006286291248e-03,  1.5370556036215042e+00,  1.5949685316235822e+00, -6.3769088940449334e+00,  5.5851366089446951e-03, -5.4389316202861139e+01, -2.6918988201266255e-02,  1.9766193627750976e+01, -5.6768827337521921e-03
 9.0939373750832775e-01, -1.2307747527687525e+00, -9.3090824830811858e+00, -8.5895804180783841e-01, -2.1780468706178350e+01, -6.9602385050604532e-01,  9.2912093082075797e-01,  5.7610625301049322e+02,  8.4443568480893116e+00, -4.8769122283065371e+00,  2.2469754142869228e+01, -4.6843852387863372e-02,  3.4426961168986039e+00,  1.9130452172981274e+00, -3.9725471276387203e-01,  5.9093410240587674e-01, -1.9686699380334072e-03,  1.0119289067561625e+00,  1.5924330126571995e+00, -6.1824257027181320e+00,  5.5258014816808492e-03, -5.0706040063121222e+01, -4.8052287426899459e-01,  1.9156375729779150e+01, -6.1980540693127367e-03
 9.1938707528314456e-01, -1.2292098342595636e+00, -9.3702929444485221e+00, -9.7780225595914061e-01, -2.1529522279491360e+01, -6.5180248154368725e-01,  8.1449756948547924e-01,  5.8243116377725710e+02,  8.6291240454770648e+00, -4.9368716551798570e+00,  2.2253608710821595e+01, -5.6384759262018136e-02,  3.4481959925804286e+00,  1.9206258396895572e+00, -3.8136498592548107e-01,  5.3010757706163636e-01, -1.9137582272630849e-03,  5.2392163486137899e-01,  1.5855904854682434e+00, -5.9941188797911558e+00,  5.4613784570359198e-03, -4.6960481952087889e+01, -8.8889490048076503e-01,  1.8530096432006328e+01, -6.6951405962923614e-03
 9.2938041305796137e-01, -1.2276953992171684e+00, -9.4185273115771118e+00, -1.0905243644910456e+00, -2.1287518154058557e+01, -6.0968525842854659e-01,  7.0157734813040995e-01,  5.8875601018904763e+02,  8.8152449124296908e+00, -4.9963703431185422e+00,  2.2039885583701679e+01, -6.5076791623010166e-02,  3.4528401636780726e+00,  1.9235166690275354e+00, -3.6556403017623218e-01,  4.7113159314955755e-01, -1.8595151387588715e-03,  7.3315609821693897e-02,  1.5748745635536250e+00, -5.8120738694580050e+00,  5.3921099238774250e-03, -4.3220803859188095e+01, -1.2557182720333095e+00,  1.7903178302674331e+01, -7.1678018398337578e-03
 9.3937375083277808e-01, -1.2262197000154629e+00, -9.4540655440929466e+00, -1.1973728299747748e+00, -2.1053539894611916e+01, -5.6964133272380157e-01,  5.9045436565809517e-01,  5.9508079295041296e+02,  9.0027053398662069e+00, -5.0554075255604403e+00,  2.1828500460597191e+01, -7.2952565114887236e-02,  3.4566304721071899e+00,  1.9220911749957870e+00, -3.4988847899236408e-01,  4.1394354236227621e-01, -1.8059878756865877e-03, -3.4022325283171140e-01,  1.5606831037677551e+00, -5.6362334956169580e+00,  5.3182413781035298e-03, -3.9542107186513682e+01, -1.5844658797787827e+00,  1.7288341848713305e+01, -7.6157564543819769e-03
 9.4936708860759489e-01, -1.2247723620469060e+00, -9.4771907146386010e+00, -1.2985910570245345e+00, -2.0826756842974852e+01, -5.3163622507910180e-01,  4.8121767189297376e-01,  6.0140551275373332e+02,  9.1914913125798083e+00, -5.1139828228388069e+00,  2.1619377792148324e+01, -8.0044560101751649e-02,  3.4595701665123775e+00,  1.9167167372587470e+00, -3.3437116334543104e-01,  3.5848202295068465e-01, -1.7532211738400805e-03, -7.1752239968620368e-01,  1.5433803447115615e+00, -5.4664271676134586e+00,  5.2400208250671845e-03, -3.5968028737299342e+01, -1.8783929659990191e+00,  1.6695564595714199e+01, -8.0387835599527342e-03
 9.5936042638241170e-01, -1.2233443214415729e+00, -9.4881890042578760e+00, -1.3944171242621550e+00, -2.0606420782866451e+01, -4.9563233491733566e-01,  3.7395130122241577e-01,  6.0773017028039089e+02,  9.3815888992684542e+00, -5.1720962191320723e+00,  2.1412449938600137e+01, -8.6385061109255368e-02,  3.4616638546375187e+00,  1.9077502875936643e+00, -3.1904143679293240e-01,  3.0468783614748329e-01, -1.7012572795826464e-03, -1.0597954549695381e+00,  1.5232990973353335e+00, -5.3023965921810134e+00,  5.1576981721653415e-03, -3.2532218726738471e+01, -2.1405340088967599e+00,  1.6132421234165815e+01, -8.4367233741360712e-03
 9.6935376415722851e-01, -1.2219277605005345e+00, -9.4873496718342452e+00, -1.4850835803574363e+00, -2.0391861891220941e+01, -4.6158939879097188e-01,  2.6873432846491957e-01,  6.1405476620183231e+02,  9.5729842437177286e+00, -5.2297480400211498e+00,  2.1207656365057520e+01, -9.2006101398319995e-02,  3.4629174544165302e+00,  1.8955349493512945e+00, -3.0392547852193996e-01,  2.5250474262727973e-01, -1.6501359338900734e-03, -1.3685492098591812e+00,  1.5007429486300252e+00, -5.1438181944033534e+00,  5.0715246181006896e-03, -2.9259699418508646e+01, -2.3737032186589118e+00,  1.5604402107736835e+01, -8.8094772460028791e-03
 9.7934710193204533e-01, -1.2205160414371221e+00, -9.4749649981650652e+00, -1.5708172942626568e+00, -2.0182484178047829e+01, -4.2946490116119840e-01,  1.6564094225257076e-01,  6.2037930118053180e+02,  9.7656635570405506e+00, -5.2869389306615631e+00,  2.1004942880025030e+01, -9.6939412348340692e-02,  3.4633381441527473e+00,  1.8803975385625014e+00, -2.8904657439526360e-01,  2.0188001080964121e-01, -1.5998943624986883e-03, -1.6455035964167641e+00,  1.4759884452124075e+00, -4.9903224727267714e+00,  4.9817520445322536e-03, -2.6168105144547297e+01, -2.5804980653219727e+00,  1.5115208323809243e+01, -9.1570071441657349e-03
 9.8934043970686203e-01, -1.2191036389673400e+00, -9.4513302056336510e+00, -1.6518393508699489e+00, -1.9977760586816647e+01, -3.9921444137335971e-01,  6.4740531888584987e-02,  6.2670377587086296e+02,  9.9596131108859129e+00, -5.3436698345867626e+00,  2.0804260921446076e+01, -1.0121637733650468e-01,  3.4629343120987683e+00,  1.8626468028539576e+00, -2.7442537635247155e-01,  1.5276478647684491e-01, -1.5505672721072838e-03, -1.8925234732733049e+00,  1.4492872292173729e+00, -4.8415105261400386e+00,  4.8886324151608271e-03, -2.3268806210341854e+01, -2.7633052958176649e+00,  1.4667022586416055e+01, -9.4793346807024621e-03
 9.9933377748167884e-01, -1.2176860722308902e+00, -9.4167433547223762e+00, -1.7283649843835676e+00, -1.9777227900203563e+01, -3.7079206055479519e-01, -3.3902215752213943e-02,  6.3302819091988727e+02,  1.0154819231535956e+01, -5.3999419731571834e+00,  2.0605566892874542e+01, -1.0486798981178769e-01,  3.4617155056994400e+00,  1.8425722859321223e+00, -2.6008014076666863e-01,  1.0511431075354481e-01, -1.5021868525354476e-03, -2.1115610820997666e+00,  1.4208681041254556e+00, -4.6969679973391063e+00,  4.7924171865770379e-03, -2.0567920569460846e+01, -2.9243089392444408e+00,  1.4260755510944064e+01, -9.7765397331998505e-03
 1.0093271152564955e+00, -1.2162598364789119e+00, -9.3715052188098866e+00, -1.8006035427012996e+00, -1.9580481571680934e+01, -3.4415053205930662e-01, -1.3022721216824729e-01,  6.3935254696806442e+02,  1.0351268294817396e+01, -5.4557568256477680e+00,  2.0408821551088046e+01, -1.0792481527600550e-01,  3.4596923807180908e+00,  1.8204437166027965e+00, -2.4602694655649318e-01,  5.8888011047016291e-02, -1.4547827847006811e-03, -2.2143321708878907e+00,  1.4062563006315691e+00, -4.6257117239666607e+00,  4.7435670546656728e-03, -2.0567920569460618e+01, -2.9243089392444084e+00,  1.4260755510943905e+01, -9.7765397331997430e-03
