#              time [s],              Vxb [ft/s],              Vyb [ft/s],              Vzb [ft/s],               p [deg/s],               q [deg/s],               r [deg/s],                 xf [ft],                 yf [ft],                 zf [ft],               phi [deg],             theta [deg],               psi [deg],                da [deg],               deB [deg],                dB [deg],          tau [per-unit],           dadot [deg/s],          deBdot [deg/s],           dBdot [deg/s],     taudot [per-unit/s],        daddot [deg/s/s],       deBddot [deg/s/s],        dBddot [deg/s/s],  tauddot [per-unit/s/s]
 0.0000000000000000e+00,  0.0000000000000000e+00,  0.0000000000000000e+00,  0.0000000000000000e+00,  2.0000000000000000e+02,  2.0000000000000000e+01,  5.0000000000000000e+00,  0.0000000000000000e+00,  0.0000000000000000e+00,  0.0000000000000000e+00,  0.0000000000000000e+00,  0.0000000000000000e+00,  0.0000000000000000e+00,  0.0000000000000000e+00,  0.0000000000000000e+00,  0.0000000000000000e+00,  0.0000000000000000e+00, -5.8428529332975174e+01,  5.9999999999999943e+01, -4.9999999999999993e+01, -3.9374118293302660e-03,  9.8054485090145408e+03,  6.6702228925426734e-12,  1.6675557231356684e-11, -1.2441671622662308e-01
 9.9933377748167886e-03, -1.0575232699090975e-01,  5.3688051923651903e-01,  2.1705279049220927e+00,  1.9552536112759392e+02,  1.9955495247512633e+01,  4.4555254212434701e+00,  6.3399001270693827e+00,  5.3343013747607782e-05, -1.2389854055072647e-04,  1.9785021865605417e+00,  1.9887489008521486e-01,  5.0748645422332331e-02, -5.8389602931021156e-01,  5.9960026648900677e-01, -4.9966688874083937e-01, -3.9347886369056617e-05, -9.4339498408971938e+00,  5.9999999999999979e+01, -4.9999999999999908e+01, -4.5590809643733521e-03,  9.8054485090145408e+03,  6.6702228925426734e-12,  1.6675557231356684e-11, -1.2441671622662308e-01
 1.9986675549633577e-02, -2.1822785394704169e-01,  1.1931510728055583e+00,  4.2841881194525051e+00,  1.9118178711991794e+02,  1.9823610768995486e+01,  3.9244842090199206e+00,  1.2679777021631082e+01,  3.0059636092509415e-04, -6.6856314515462145e-04,  3.9134437526320212e+00,  3.9529870573434556e-01,  1.0284364407776744e-01, -1.8855329462152950e-01,  1.1992005329780142e+00, -9.9933377748167707e-01, -9.1120872039440748e-05,  5.9780314825590366e+01,  5.9999999999999979e+01, -4.9999999999999908e+01, -5.7534054781616445e-03,  4.0466329929051699e+03, -6.6702228925426734e-12, -1.6119705323644796e-11, -1.1460742979954043e-01
 2.9980013324450366e-02, -3.3674414628319482e-01,  1.9596251481648852e+00,  6.3288161504453306e+00,  1.8673235160963011e+02,  1.9605774345638221e+01,  3.4177290304056331e+00,  1.9019613344112223e+01,  8.7153379439034351e-04, -1.8857487339118961e-03,  5.8047911948846158e+00,  5.8857345851027842e-01,  1.5615511513707228e-01,  6.1091372736381289e-01,  1.7988007994670210e+00, -1.4990006662225164e+00, -1.5433933496655783e-04,  7.9999999999999957e+01,  5.9999999999999957e+01, -5.0000000000000000e+01, -6.8480760603643089e-03,  5.2805931232629498e-12,  2.2234076308475578e-12, -2.2234076308475578e-12, -1.0447264271861965e-01
 3.9973351099267154e-02, -4.6052948184376419e-01,  2.8260629404783773e+00,  8.2931520628916537e+00,  1.8214249865058616e+02,  1.9303545733962359e+01,  2.9406449601095370e+00,  2.5359389497801843e+01,  1.9001036043342658e-03, -4.0164852634916315e-03,  7.6512117283818117e+00,  7.7800357013729737e-01,  2.1056150945210844e-01,  1.4103807493491558e+00,  2.3984010659560280e+00, -1.9986675549633559e+00, -2.2799114639715512e-04,  7.9999999999999986e+01,  5.9999999999999979e+01, -4.9999999999999972e+01, -7.8403539789923659e-03, -3.3351114462713375e-12,  0.0000000000000000e+00,  8.8936305233902345e-12, -9.4115244729475300e-02
 4.9966688874083939e-02, -5.8872846643953380e-01,  3.7815425842283132e+00,  1.0166859628569714e+01,  1.7741453294251897e+02,  1.8918532701865715e+01,  2.4973664384643026e+00,  3.1699083786554560e+01,  3.5284754525075632e-03, -7.2901297025964595e-03,  9.4513078661403664e+00,  9.6289674297014383e-01,  2.6591647034447985e-01,  2.2098477713344984e+00,  2.9980013324450350e+00, -2.4983344437041946e+00, -3.1104194613895686e-04,  7.9999999999999943e+01,  5.9999999999999993e+01, -4.9999999999999986e+01, -8.7281263535728994e-03, -2.2234076308475578e-12,  4.4468152616951156e-12, -1.3340445785085347e-11, -8.3557599836575777e-02
 5.9960026648900731e-02, -7.2040855440025098e-01,  4.8144724280424782e+00,  1.1940524459040031e+01,  1.7255076248308967e+02,  1.8452363406326921e+01,  2.0918016824333852e+00,  3.8038672582744042e+01,  5.9058355910822204e-03, -1.1923634458071319e-02,  1.1203701227584158e+01,  1.1425637581827193e+00,  3.2204854887673351e-01,  3.0093147933198408e+00,  3.5976015989340424e+00, -2.9980013324450345e+00, -4.0243737598222307e-04,  7.9999999999999929e+01,  5.9999999999999922e+01, -5.0000000000000014e+01, -9.5094594806568056e-03,  4.4468152616951124e-12, -1.3340445785085336e-11,  4.4468152616951124e-12, -7.2813203330483828e-02
 6.9953364423717523e-02, -8.5456683516838439e-01,  5.9126965362893724e+00,  1.3605641158124516e+01,  1.6755350772906701e+02,  1.7906675538607427e+01,  1.7276237278600093e+00,  4.4378130506887793e+01,  9.1867692754518497e-03, -1.8121012499250355e-02,  1.2907032488495595e+01,  1.3163180790469293e+00,  3.7876331451823969e-01,  3.8087818153051836e+00,  4.1972018654230485e+00, -3.4976682211858741e+00, -5.0110442743123151e-04,  8.0000000000000412e+01,  6.0000000000000213e+01, -4.8887465080604990e+01, -1.0182548104582322e-02,  8.8936305233902312e-11,  6.6702228925426734e-11,  2.2265532186825698e+02, -6.1894266604475376e-02
 7.9946702198534308e-02, -9.9013767611450021e-01,  7.0636061482327026e+00,  1.5154591547905628e+01,  1.6242511267165133e+02,  1.7283112600638329e+01,  1.4082041449263358e+00,  5.0717430616813409e+01,  1.3529641689706126e-02, -2.6072972959809704e-02,  1.4559961491099973e+01,  1.4834754487905801e+00,  4.3584538950503976e-01,  4.6082488372905352e+00,  4.7968021319120613e+00, -3.9750992354551276e+00, -6.0595266121704627e-04,  8.0000000000000597e+01,  6.0000000000000256e+01, -3.8922959040307177e+01, -1.0746044818525273e-02, -5.7808598402036542e-11, -6.2255413663731657e-11,  1.7715744869966827e+03, -5.0880209079306606e-02
 8.9940039973351094e-02, -1.1260059520450341e+00,  8.2545355035707964e+00,  1.6580645929501760e+01,  1.5716806416557574e+02,  1.6583517462160923e+01,  1.1348029717805506e+00,  5.7056544608389366e+01,  1.9095776848296442e-02, -3.5956392439402407e-02,  1.6161167436887983e+01,  1.6433561794383378e+00,  4.9305385386065359e-01,  5.4077158592758812e+00,  5.3964023984010678e+00, -4.2756087749561704e+00, -7.1588213866091710e-04,  8.0000000000000185e+01,  6.0000000000000036e+01, -2.1681957566893953e+01, -1.1200306906950697e-02, -2.6680891570170713e-11,  1.7787261046780475e-11,  1.6789246078824187e+03, -4.0032776884235011e-02
 9.9933377748167879e-02, -1.2610260369459638e+00,  9.4732017426387696e+00,  1.7877950233792735e+01,  1.5178508660560229e+02,  1.5809964704953162e+01,  9.0611685090312866e-01,  6.3395443034663032e+01,  2.6050678399879144e-02, -4.7932950570611865e-02,  1.7709349292861205e+01,  1.7952957110331829e+00,  5.5010080232427461e-01,  6.2071828812612244e+00,  5.9960026648900762e+00, -4.4084494866255595e+00, -8.2980956142258977e-04,  8.0000000000000028e+01,  6.0000000000000036e+01, -6.9088979864832041e+00, -1.1547609202304581e-02,  8.8936305233902248e-12, -8.8936305233902248e-12,  1.2776570494771174e+03, -2.9473989159257356e-02
 1.0992671552298468e-01, -1.3940355148042727e+00,  1.0707670856175421e+01,  1.9041445607597144e+01,  1.4627903335105896e+02,  1.4964503017283068e+01,  7.2037903481709320e-01,  6.9734095516800252e+01,  3.4563531438061214e-02, -6.2148337066901149e-02,  1.9203226842204685e+01,  1.9386517370119911e+00,  6.0664498888054808e-01,  7.0066499032465686e+00,  6.5956029313790836e+00, -4.4136946774175270e+00, -9.4668045716134186e-04,  8.0000000000000171e+01,  5.9617290044780106e+01,  4.2261902216929847e+00, -1.1790938499279572e-02,  1.7787261046780450e-11, -7.6593019038005863e+01,  9.5084527058587628e+02, -1.9224314142004026e-02
 1.1992005329780146e-01, -1.5238679786822331e+00,  1.1946417661188825e+01,  2.0066806448064735e+01,  1.4065283763518869e+02,  1.4049192342803869e+01,  5.7562671925881692e-01,  7.6072470947734274e+01,  4.4805535287668855e-02, -7.8732042193223606e-02,  2.0641541798029685e+01,  2.0728074639674956e+00,  6.6229585564827220e-01,  7.8061169252319145e+00,  7.1875540981634964e+00, -4.3239819938535478e+00, -1.0654712236333741e-03,  8.0000000000000071e+01,  5.2175558841164168e+01,  1.2405363308698819e+01, -1.1934321018764810e-02, -3.5574522093560899e-11, -1.4127454525123303e+03,  6.8607990322689091e+02, -9.4713074243081442e-03
 1.2991339107261826e-01, -1.6492429911106683e+00,  1.3178518609206199e+01,  2.0951545950549484e+01,  1.3490950405056256e+02,  1.3073806077251866e+01,  4.6901478617994097e-01,  8.2410538431527300e+01,  5.6947353811231838e-02, -9.7794522220283397e-02,  2.2023059498736963e+01,  2.1971986533559136e+00,  7.1662613692501576e-01,  8.6055839472172568e+00,  7.6384188975582479e+00, -4.1657527058912347e+00, -1.1852078592685666e-03,  7.9999999999999943e+01,  3.6758894460938798e+01,  1.8211118415445831e+01, -1.1987235136936447e-02,  8.8936305233902248e-12, -1.6726429787834397e+03,  4.7584521880341089e+02, -1.1185714257755644e-03
 1.3990672884743505e-01, -1.7687774847657920e+00,  1.4393940801585932e+01,  2.1696834174512471e+01,  1.2905208501473015e+02,  1.2060336885041686e+01,  3.9637903323908180e-01,  8.8748271309360163e+01,  7.1153102164100243e-02, -1.1941364475387672e-01,  2.3346573717796982e+01,  2.3114358312071639e+00,  7.6921738258705152e-01,  9.4050509692026001e+00,  7.9222421953175033e+00, -3.9600022786880746e+00, -1.3050562030524904e-03,  7.9999999999999957e+01,  2.1391820153948395e+01,  2.2145694009816573e+01, -1.1965369767350716e-02, -1.7787261046780475e-11, -1.4028208258555771e+03,  3.1159451014998382e+02,  5.4945607255346973e-03
 1.4990006662225183e-01, -1.8813096401522671e+00,  1.5583479113925740e+01,  2.2306211285772807e+01,  1.2308360288310465e+02,  1.1028644266817077e+01,  3.5380634159817609e-01,  9.5085649204394230e+01,  8.7575929113907422e-02, -1.4363108769612154e-01,  2.4610910329657653e+01,  2.4153424418845084e+00,  8.1969301270101680e-01,  1.0204517991187942e+01,  8.0659702663913269e+00, -3.7231339048955672e+00, -1.4243558226399999e-03,  8.0000000000000043e+01,  8.5586334953488130e+00,  2.4622264376698265e+01, -1.1885004887737241e-02,  3.5574522093560951e-11, -1.1655275974188198e+03,  1.8404977260860556e+02,  1.0589130514442300e-02
 1.5989340439706862e-01, -1.9859366765890627e+00,  1.6738741658867049e+01,  2.2785008789493762e+01,  1.1700703493576731e+02,  9.9952328852712728e+00,  3.3787310294955647e-01,  1.0142265771954038e+02,  1.0635606680404731e-01, -1.7045743327435048e-01,  2.5814928894198751e+01,  2.5089183213829624e+00,  8.6773013297022528e-01,  1.1003985013173287e+01,  8.0933008261372663e+00, -3.4678850692937058e+00, -1.5425979396495038e-03,  8.0000000000000313e+01, -2.0495181462578360e+00,  2.5968985920574855e+01, -1.1760100059255291e-02,  1.7787261046780475e-11, -9.5751715112139186e+02,  8.5474099039229614e+01,  1.4408489159078540e-02
 1.6988674217188540e-01, -2.0820064731693719e+00,  1.7852136746272109e+01,  2.3139973748374270e+01,  1.1082531012356827e+02,  8.9736357923366619e+00,  3.4564347443326443e-01,  1.0775928786248413e+02,  1.2761949386837276e-01, -1.9987718667289300e-01,  2.6957523717167298e+01,  2.5923042543591563e+00,  9.1306679626844467e-01,  1.1803452035158633e+01,  8.0250072121689850e+00, -3.2041002089480353e+00, -1.6594011269555620e-03,  8.0000000000000313e+01, -1.0710543985213821e+01,  2.6444065026528595e+01, -1.1602232720521743e-02, -1.7787261046780475e-11, -7.7584282011499124e+02,  9.6050660323117611e+00,  1.7186027566128730e-02
 1.7988007994670219e-01, -2.1690986936523586e+00,  1.8916848753466855e+01,  2.3378934910660337e+01,  1.0454130886097192e+02,  7.9747660276710999e+00,  3.7462727711360444e-01,  1.1409553537160063e+02,  1.5147711001626898e-01, -2.3185336831011227e-01,  2.8037624460090818e+01,  2.6657505774129362e+00,  9.5550570626878473e-01,  1.2602919057143978e+01,  7.8792326585447183e+00, -2.9393561213950665e+00, -1.7744880006859143e-03,  8.0000000000000227e+01, -1.7674278547266404e+01,  2.6249478175964008e+01, -1.1420733813889743e-02,  0.0000000000000000e+00, -6.1783259023713310e+02, -4.8548381058637773e+01,  1.9137953614489153e-02
 1.8987341772151897e-01, -2.2469994525308721e+00,  1.9926805972521368e+01,  2.3510508152264411e+01,  9.8157864226094887e+01,  7.0072386697717528e+00,  4.2272107338572151e-01,  1.2043140000911423e+02,  1.7802436831717239e-01, -2.6633167206273356e-01,  2.9054196329368676e+01,  2.7295897884254803e+00,  9.9491486551042474e-01,  1.3402386079129323e+01,  7.6717571412709225e+00, -2.6794604052978555e+00, -1.8876636282325054e-03,  8.0000000000000128e+01, -2.3165092000176578e+01,  2.5542621134588465e+01, -1.1222879543686058e-02, -1.7787261046780475e-11, -4.8106220880529895e+02, -9.2917274821987078e+01,  2.0459280995608273e-02
 1.9986675549633576e-01, -2.3156726484434103e+00,  2.0876642491946633e+01,  2.3543838483039703e+01,  9.1677763580841471e+01,  6.0776650563313162e+00,  4.8814598339431992e-01,  1.2676688486661797e+02,  2.0734129699792278e-01, -3.0324419179305551e-01,  3.0006239891677460e+01,  2.7842130198343034e+00,  1.0312257546747434e+00,  1.4201853101114667e+01,  7.4162394806597769e+00, -2.4288440400908335e+00, -1.9987960528581872e-03,  8.0000000000000028e+01, -2.7384236650828157e+01,  2.4445914480158223e+01, -1.1014112115372615e-02,  1.7787261046780424e-11, -3.6332927394511074e+02, -1.2657028361797845e+02,  2.1322040324185710e-02
 2.0986009327115257e-01, -2.3752303056992332e+00,  2.1761655581877715e+01,  2.3488375800858730e+01,  8.5103750070852698e+01,  5.1909206570128532e+00,  5.6938943843826240e-01,  1.3310199571194161e+02,  2.3949283847809269e-01, -3.4251272761321161e-01,  3.0892790573400429e+01,  2.8300501540739926e+00,  1.0644296346287061e+00,  1.5001320123100012e+01,  7.1244372881564351e+00, -2.1908678440688432e+00, -2.1077991135497465e-03,  8.0000000000000114e+01, -3.0511946694829643e+01,  2.3054551505724373e+01, -1.0798270959378605e-02,  0.0000000000000000e+00, -2.6262976286105220e+02, -1.5188782633204903e+02,  2.1874969695415455e-02
 2.1985343104596936e-01, -2.4259036190355800e+00,  2.2577759729097142e+01,  2.3353681573417060e+01,  7.8438523748065890e+01,  4.3503879786068262e+00,  6.6515423751727065e-01,  1.3943674039467720e+02,  2.7452943540593661e-01, -3.8405169002180628e-01,  3.1712917906408499e+01,  2.8675533031069786e+00,  1.0945725200164147e+00,  1.5800787145085357e+01,  6.8064071016825016e+00, -1.9680601992036038e+00, -2.2146175910203181e-03,  8.0000000000000043e+01, -3.2709318163521402e+01,  2.1442640046004662e+01, -1.0577822123426346e-02, -3.5574522093560951e-11, -1.7713751373978320e+02, -1.7070938713986450e+02,  2.2244190673166107e-02
 2.2984676882078614e-01, -2.4680158664971259e+00,  2.3321438283712904e+01,  2.3149263674677972e+01,  7.1684742231658063e+01,  3.5581758595868007e+00,  7.7431600578069470e-01,  1.4577112831917529e+02,  3.1248779898890222e-01, -4.2777062517779996e-01,  3.2465724582106390e+01,  2.8971833391675563e+00,  1.1217493065248270e+00,  1.6600254167070698e+01,  6.4706867585723966e+00, -1.7623007545417682e+00, -2.3192146123524049e-03,  7.9999999999999957e+01, -3.4119998475993270e+01,  1.9668003361225047e+01, -1.0354077757295981e-02,  1.7787261046780475e-11, -1.0518663946292034e+02, -1.8445456804069804e+02,  2.2534515135057959e-02
 2.3984010659560293e-01, -2.5019579305668458e+00,  2.3989693571177597e+01,  2.2884436685641038e+01,  6.4845020921352045e+01,  2.8153165263166087e+00,  8.9588888872011985e-01,  1.5210516998782339e+02,  3.5339180215640187e-01, -4.7357638786888856e-01,  3.3150345371571014e+01,  2.9193991473238814e+00,  1.1460974576188496e+00,  1.7399721189056041e+01,  6.1244617623888322e+00, -1.5749621973136962e+00, -2.4215611837710704e-03,  7.7401114480514224e+01, -3.4871731569219378e+01,  1.7776065863203598e+01, -1.0127406380556475e-02, -5.2012362196642869e+02, -4.5260210261398008e+01, -1.9418518989666094e+02,  2.2829983063074995e-02
 2.4983344437041971e-01, -2.5281676024239914e+00,  2.4580027633926296e+01,  2.2568200931214026e+01,  5.7926254108399796e+01,  2.1219434288442951e+00,  1.0288550690416129e+00,  1.5843887661348282e+02,  3.9725348292203055e-01, -5.2137496826617280e-01,  3.3765954919998016e+01,  2.9346494359775619e+00,  1.1677903324212564e+00,  1.8147245129372781e+01,  5.7737167738444946e+00, -1.4070162935850008e+00, -2.5216277978398760e-03,  6.8067669157328666e+01, -3.5078063581012337e+01,  1.5805822610427660e+01, -9.8975331389912213e-03, -1.3478099020470866e+03,  3.9662969678915161e+00, -2.0012615975889258e+02,  2.3175315015515174e-02
 2.5982678214523652e-01, -2.5471173332725812e+00,  2.5090702938293468e+01,  2.2209073390564935e+01,  5.0962344190595573e+01,  1.4774560851864389e+00,  1.1713772030667797e+00,  1.6477225979960070e+02,  4.4407467543711449e-01, -5.7107263271609554e-01,  3.4311927373528349e+01,  2.9433695120004515e+00,  1.1870264656589113e+00,  1.8760167607923371e+01,  5.4233678866857202e+00, -1.2590563490040159e+00, -2.6193799673618345e-03,  5.5726907988095704e+01, -3.4839917372407797e+01,  1.3795405690016795e+01, -9.6638909399625293e-03, -1.1219877666220857e+03,  4.3694697580839794e+01, -2.0222527991267231e+02,  2.3584277083429663e-02
 2.6982011992005328e-01, -2.5592994574243448e+00,  2.5520834948413530e+01,  2.1814918420183186e+01,  4.3991701154778838e+01,  8.8065489519762641e-01,  1.3215103002792865e+00,  1.7110533127897622e+02,  4.9384879161529982e-01, -6.2257666286677704e-01,  3.4788028149363996e+01,  2.9459806895555323e+00,  1.2040182423299153e+00,  1.9261040758715133e+01,  5.0773826491461378e+00, -1.1312919959830663e+00, -2.7147768506039505e-03,  4.5539383086769135e+01, -3.4246217873307110e+01,  1.1779397425429186e+01, -9.4257217724973176e-03, -9.1687555029673979e+02,  7.5124362172510899e+01, -2.0124517410679465e+02,  2.4081312298607986e-02
 2.7981345769487009e-01, -2.5652117974348130e+00,  2.5870226249376348e+01,  2.1392898958361005e+01,  3.7045157054520679e+01,  3.2987065345305383e-01,  1.4776017181665555e+00,  1.7743810270307546e+02,  5.4656168306039687e-01, -6.7579640631083748e-01,  3.5194369387635376e+01,  2.9428868824639265e+00,  1.2189874630008060e+00,  1.9670348482409096e+01,  4.7388998412498688e+00, -1.0236253544917737e+00, -2.8077688102498555e-03,  3.7214255387483796e+01, -3.3374344586448636e+01,  9.7848164549672898e+00, -9.1820528382129153e-03, -7.4926000658690009e+02,  9.9366544970764565e+01, -1.9793696411497979e+02,  2.4684963749510430e-02
 2.8980679546968685e-01, -2.5653473595914420e+00,  2.6139232298571621e+01,  2.0949462624890547e+01,  3.0147325012199389e+01, -1.7691767832397245e-01,  1.6382499258518639e+00,  1.8377058548069024e+02,  6.0219237186511410e-01, -7.3064417380192026e-01,  3.5531340521982074e+01,  2.9344718548813518e+00,  1.2321620790959713e+00,  2.0004830006965975e+01,  4.4103404522151193e+00, -9.3572604418491934e-01, -2.8982955615609041e-03,  2.9598313274030534e+01, -3.2291077443130291e+01,  7.8318884298421763e+00, -8.9317690307904995e-03, -7.7494387505221277e+02,  1.1743131931201407e+02, -1.9290903131339408e+02,  2.5405168909295651e-02
 2.9980013324450366e-01, -2.5601866168125298e+00,  2.6328648488566490e+01,  2.0490343053271200e+01,  2.3318134000308827e+01, -6.4198209284942198e-01,  1.8022557212274217e+00,  1.9010279065922722e+02,  6.6071377330582082e-01, -7.8703591854173283e-01,  3.5799551794320251e+01,  2.9210976046983426e+00,  1.2437731398498040e+00,  2.0261920366633557e+01,  4.0935085532459325e+00, -8.6709194150358904e-01, -2.9862851799525303e-03,  4.1801204091263999e+00, -3.1053886878844931e+01,  5.9383465453526050e+00, -8.6737921776208707e-03, -4.3120837903106030e+03,  1.3017175228696308e+02, -1.8605181783578684e+02,  2.6224598638386318e-02
 3.0979347101932042e-01, -2.5502031282665030e+00,  2.6440040013318420e+01,  2.0020496280490949e+01,  1.6623517098570353e+01, -1.0677367773504995e+00,  1.9669637309241630e+00,  1.9643472884197317e+02,  7.2209399212285263e-01, -8.4489129997928103e-01,  3.5999948375812316e+01,  2.9031067763507084e+00,  1.2540478209898009e+00,  2.0088376717341585e+01,  3.7896764906126226e+00, -8.1703823848166945e-01, -3.0716558315999620e-03, -4.1893540537468141e+01, -2.9713307233687011e+01,  4.1360069220866889e+00, -8.4077663298250237e-03, -4.9087915538011875e+03,  1.3812292069730873e+02, -1.7465641876716523e+02,  2.7016041033822342e-02
 3.1978680879413723e-01, -2.5358798986218289e+00,  2.6476869721361545e+01,  1.9543730880905617e+01,  1.0211376553863829e+01, -1.4566211269696787e+00,  2.1270424555743599e+00,  2.0276641013372895e+02,  7.8630024234549334e-01, -9.0413168658596987e-01,  3.6134622723207812e+01,  2.8808395118886230e+00,  1.2631843930681770e+00,  1.9424607764285760e+01,  3.4996383220596501e+00, -7.8442691308080381e-01, -3.1543284776838765e-03, -7.3210573284560340e+01, -2.8313269651427682e+01,  2.4706655352519280e+00, -8.1344250177858603e-03, -1.3587905999835687e+03,  1.4207126743217538e+02, -1.5863390411802948e+02,  2.7688666882277804e-02
 3.2978014656895405e-01, -2.5176861810451783e+00,  2.6444001721381817e+01,  1.9062674477201927e+01,  4.1740031654838363e+00, -1.8110565489669592e+00,  2.2789497536935430e+00,  2.0909784411187991e+02,  8.5330031947733420e-01, -9.6467963305258309e-01,  3.6206968483815224e+01,  2.8546384391664743e+00,  1.2713445936434717e+00,  1.8625140742300403e+01,  3.2237883563402492e+00, -7.6765784803692727e-01, -3.2342359452132707e-03, -8.0000000000000938e+01, -2.6888319962912540e+01,  9.7003340489363354e-01, -7.8547235687903890e-03,  1.0672356628068285e-10,  1.4310866356266959e+02, -1.4169260623767781e+02,  2.8288916443353490e-02
 3.3977348434377080e-01, -2.4960559841156282e+00,  2.6346396073014333e+01,  1.8579242483543073e+01, -1.4867596857107133e+00, -2.1334170156146750e+00,  2.4221159790800870e+00,  2.1542903982446160e+02,  9.2306005620227916e-01, -1.0264610336289479e+00,  3.6220786245314223e+01,  2.8248332655603470e+00,  1.2786739913350125e+00,  1.7825673720315056e+01,  2.9622301948861818e+00, -7.6503917014488843e-01, -3.3113182891853499e-03, -8.0000000000000227e+01, -2.5463695314724738e+01, -3.6602620372130612e-01, -7.5691994137455244e-03,  3.5574522093560951e-11,  1.4200621602798265e+02, -1.2569745676645890e+02,  2.8853984452958659e-02
 3.4976682211858762e-01, -2.4713943497717992e+00,  2.6188874442593342e+01,  1.8094913245648929e+01, -6.7793485792218737e+00, -2.4259795820001093e+00,  2.5563722169937786e+00,  2.2176000580688867e+02,  9.9554220957210993e-01, -1.0894061565559241e+00,  3.6179810989345874e+01,  2.7917331590342043e+00,  1.2853121953929685e+00,  1.7026206698329712e+01,  2.7148537397901213e+00, -7.7497349501336910e-01, -3.3855190780662792e-03, -7.9999999999999872e+01, -2.4058314690089972e+01, -1.5473713506107769e+00, -7.2782291057699282e-03,  3.5574522093560951e-11,  1.3925729298225528e+02, -1.1072908529768731e+02,  2.9378873183224106e-02
 3.5976015989340437e-01, -2.4440791946791478e+00,  2.5976132444002161e+01,  1.7610796221168687e+01, -1.1712027044850853e+01, -2.6909029863675991e+00,  2.6816055817419562e+00,  2.2809075010584712e+02,  1.0707069467767854e+00, -1.1534494495808758e+00,  3.6087693521284919e+01,  2.7556278548363506e+00,  1.2913918058427356e+00,  1.6226739676344373e+01,  2.4813844649043704e+00, -7.9596597928434432e-01, -3.4567858928982731e-03, -7.9999999999999773e+01, -2.2686577523631431e+01, -2.5841988500053117e+00, -6.9822504853294396e-03, -3.5574522093560951e-11,  1.3527303859831449e+02, -9.6774658247805689e+01,  2.9856314720932337e-02
 3.6975349766822119e-01, -2.4144620353766868e+00,  2.5712732311316856e+01,  1.7127687683748302e+01, -1.6292889637035756e+01, -2.9302162382404036e+00,  2.7977522716453112e+00,  2.3442128030866013e+02,  1.1485123267154691e+00, -1.2185292666217720e+00,  3.5948002028638193e+01,  2.7167891287544990e+00,  1.2970372592061445e+00,  1.5427272654359031e+01,  2.2614244754936905e+00, -8.2662303898416145e-01, -3.5250710531228302e-03, -7.9999999999999602e+01, -2.1359104547612791e+01, -3.4865136346801919e+00, -6.6817729602570864e-03,  7.1149044187121902e-11,  1.3039855300221569e+02, -8.3808607325127070e+01,  3.0279253963547980e-02
 3.7974683544303794e-01, -2.3828689857721201e+00,  2.5403098378380612e+01,  1.6646122220372998e+01, -2.0529865626192009e+01, -3.1458123888605742e+00,  2.9047912978846235e+00,  2.4075160357498953e+02,  1.2289147135274707e+00, -1.2845875792354491e+00,  3.5764223647203828e+01,  2.6754722123865342e+00,  1.3023640188534702e+00,  1.4627805632373695e+01,  2.0544869722805306e+00, -8.6564979610007098e-01, -3.5903323211512461e-03, -7.9999999999999773e+01, -2.0083361205337535e+01, -4.2640170473841899e+00, -6.3773739802558760e-03, -8.8936305233902377e-11,  1.2492021456514124e+02, -7.1795742337366434e+01,  3.0641128567360891e-02
 3.8974017321785476e-01, -2.3496019277266669e+00,  2.5051514741077359e+01,  1.6166419896151897e+01, -2.4430722402166243e+01, -3.3394464990375337e+00,  3.0027388171809095e+00,  2.4708172667055146e+02,  1.3118691319303080e+00, -1.3515696804097388e+00,  3.5539766031209489e+01,  2.6319171287896133e+00,  1.3074780467748146e+00,  1.3828338610388350e+01,  1.8600248511365114e+00, -9.1184656424833577e-01, -3.6525335577248796e-03, -7.9999999999999957e+01, -1.8864208920584630e+01, -4.9260242878785103e+00, -6.0696930562340826e-03,  5.3361783140341426e-11,  1.1907279602340927e+02, -6.0693973393563603e+01,  3.0936080360200728e-02
 3.9973351099267151e-01, -2.3149397758545547e+00,  2.4662124571575855e+01,  1.5688729042307887e+01, -2.8003068664919720e+01, -3.5127369210273187e+00,  3.0916430119508513e+00,  2.5341165600057352e+02,  1.3973295740314109e+00, -1.4194238872569258e+00,  3.5277958922594998e+01,  2.5863499337537492e+00,  1.3124755010707838e+00,  1.3028871588403010e+01,  1.6774541490843022e+00, -9.6410464529151352e-01, -3.7116453069520605e-03, -7.9999999999999872e+01, -1.7704387907455843e+01, -5.4814063035624416e+00, -5.7594240359532776e-03, -3.5574522093560951e-11,  1.1304604940409907e+02, -5.0456480678647317e+01,  3.1159092898664403e-02
 4.0972684876748833e-01, -2.2791397777034490e+00,  2.4238930645352053e+01,  1.5213064714841341e+01, -3.1254357460193553e+01, -3.6671691432302840e+00,  3.1715794709530343e+00,  2.5974139764247911e+02,  1.4852492658901522e+00, -1.4881012476107571e+00,  3.4982055714739289e+01,  2.5389838553732131e+00,  1.3174426122414022e+00,  1.2229404566417667e+01,  1.5061729942253355e+00, -1.0214016535933546e+00, -3.7676452972842389e-03, -7.9999999999999730e+01, -1.6604937147529395e+01, -5.9385514639735044e+00, -5.4473062735375328e-03,  1.7787261046780375e-11,  1.0699069601583757e+02, -4.1033504091623094e+01,  3.1306075286136770e-02
 4.1972018654230514e-01, -2.2424388066765459e+00,  2.3785796730187954e+01,  1.4739342922177361e+01, -3.4191889102490663e+01, -3.8041015631560593e+00,  3.2426470297685430e+00,  2.6607095737723495e+02,  1.5755809010132473e+00, -1.5575552545560640e+00,  3.4655235006512164e+01,  2.4900203290231016e+00,  1.3224556988958491e+00,  1.1429937544432326e+01,  1.3455766577945734e+00, -1.0827965466367537e+00, -3.8205188500607390e-03, -7.9999999999999773e+01, -1.5565557598770699e+01, -6.3053433192067416e+00, -5.1341151896694068e-03,  1.7787261046780475e-11,  1.0102379767574477e+02, -3.2373772535718523e+01,  3.1373900298673874e-02
 4.2971352431712190e-01, -2.2050546186037536e+00,  2.3306449567012031e+01,  1.4267410764778962e+01, -3.6822814015186225e+01, -3.9247726643592102e+00,  3.3049640335880883e+00,  2.7240034071866279e+02,  1.6682768469928293e+00, -1.6277415719159762e+00,  3.4300602143591888e+01,  2.4396499284706064e+00,  1.3275812906047091e+00,  1.0630470522446986e+01,  1.1950692447495721e+00, -1.1474245047433893e+00, -3.8702591918146068e-03, -7.9999999999999957e+01, -1.4584923139852490e+01, -6.5891515370581528e+00, -4.8206526107817949e-03, -5.3361783140341426e-11,  9.5233845369086239e+01, -2.4425712130277415e+01,  3.1360410489366816e-02
 4.3970686209193871e-01, -2.1671870508994289e+00,  2.2804481218687943e+01,  1.3797072667322542e+01, -3.9154135510452953e+01, -4.0303091346597144e+00,  3.3586649847955186e+00,  2.7872955294061273e+02,  1.7632893306514503e+00, -1.6986177732705983e+00,  3.3921190743113051e+01,  2.3880531960028257e+00,  1.3328763311046434e+00,  9.8310035004616410e+00,  1.0540725310819987e+00, -1.2144917805553044e+00, -3.9168676697299287e-03, -8.0000000000000043e+01, -1.3660944351874852e+01, -6.7968332613075697e+00, -4.5077372111086179e-03,  3.5574522093560951e-11,  8.9685109398172003e+01, -1.7138323616172549e+01,  3.1264391498558329e-02
 4.4970019986675547e-01, -2.1290191534176302e+00,  2.2283351634884554e+01,  1.3328112906614269e+01, -4.1192712522320107e+01, -4.1217345677824282e+00,  3.4038975404512053e+00,  2.8505859910171262e+02,  1.8605706060042717e+00, -1.7701430962260929e+00,  3.3519964199578972e+01,  2.3354013766859198e+00,  1.3383884409548155e+00,  9.0315364784762995e+00,  9.2203238228705020e-01, -1.2832706059021015e+00, -3.9603538729160448e-03, -8.0000000000000128e+01, -1.2790990646384017e+01, -6.9347424177235242e+00, -4.1961953119154880e-03, -5.3361783140341426e-11,  8.4421625527393701e+01, -1.0461895554540522e+01,  3.1085527259960055e-02
 4.5969353764157228e-01, -2.0907182448761432e+00,  2.1746391318252936e+01,  1.2860314654240472e+01, -4.2945262301989708e+01, -4.1999784434054819e+00,  3.4408198248243762e+00,  2.9138748406766445e+02,  1.9600731086358480e+00, -1.8422782133420696e+00,  3.3099817169705638e+01,  2.2818570626992765e+00,  1.3441562228290151e+00,  8.2320694564909527e+00,  7.9842315107432360e-01, -1.3530942272786259e+00, -4.0007356639720770e-03, -8.0000000000000128e+01, -1.1972074886514921e+01, -7.0087451399734348e+00, -3.8868522115209020e-03,  5.3361783140341426e-11,  7.9470715214407846e+01, -4.3485159250747776e+00,  3.0824338565676481e-02
 4.6968687541638904e-01, -2.0524368934786708e+00,  2.1196804016291736e+01,  1.2393475763904217e+01, -4.4418363080498651e+01, -4.2658851409864056e+00,  3.4695980235243193e+00,  2.9771621253105855e+02,  2.0617495993817174e+00, -1.9149850205922121e+00,  3.2663577034343945e+01,  2.2275747545477529e+00,  1.3502095964401057e+00,  7.4326024345056112e+00,  6.8275040587436031e-01, -1.4233521210248217e+00, -4.0380391269770888e-03, -8.0000000000000085e+01, -1.1201005277761828e+01, -7.0242394065773652e+00, -3.5805241972127252e-03, -5.3361783140341426e-11,  7.4846015817378230e+01,  1.2475967020747132e+00,  3.0482108031200061e-02
 4.7968021319120585e-01, -2.0143138242865462e+00,  2.0637669399937060e+01,  1.1927421539854809e+01, -4.5618456700535880e+01, -4.3202228014071107e+00,  3.4904042274875429e+00,  3.0404478902876650e+02,  2.1655532994671058e+00, -1.9882264439456776e+00,  3.2214005336545952e+01,  2.1727013466453275e+00,  1.3565701534206918e+00,  6.6331354125202653e+00,  5.7455229275796471e-01, -1.4934854212808384e+00, -4.0722984393993800e-03, -8.0000000000000085e+01, -1.0474508356759033e+01, -6.9861775419464243e+00, -3.2780113231765527e-03,  0.0000000000000000e+00,  7.0550234639308300e+01,  6.3698511393937780e+00,  3.0060801825903916e-02
 4.8967355096602266e-01, -1.9764747569579413e+00,  2.0071945704724257e+01,  1.1462014720690657e+01, -4.6551851218497966e+01, -4.3636918782367609e+00,  3.5034144967751497e+00,  3.1037321795695755e+02,  2.2714380189177943e+00, -2.0619662643202901e+00,  3.1753799194192247e+01,  2.1173765445086357e+00,  1.3632515245086698e+00,  5.8336683905349194e+00,  4.7339980580589147e-01, -1.5629825848878418e+00, -4.1035556757414438e-03, -8.0000000000000128e+01, -9.7893268408247973e+00, -6.8990903599084374e+00, -2.9800910202439166e-03,  3.5574522093560951e-11,  6.6577426083002734e+01,  1.1059196892479086e+01,  2.9562981467682711e-02
 4.9966688874083942e-01, -1.9390331802990204e+00,  1.9502472339045482e+01,  1.0997162915401876e+01, -4.7224723475690091e+01, -4.3969332731796076e+00,  3.5088071168819930e+00,  3.1670150358394324e+02,  2.3793582793162331e+00, -2.1361689608856977e+00,  3.1285592686834303e+01,  2.0617332214514166e+00,  1.3702597538974337e+00,  5.0342013685495770e+00,  3.7889619334108010e-01, -1.6313753018919330e+00, -4.1318605517293716e-03, -8.0000000000000085e+01, -9.1422960325216511e+00, -6.7671117888761856e+00, -2.6875125830762877e-03, -2.6680891570170713e-11,  6.2915006352067500e+01,  1.5354114456775610e+01,  2.8991716424132109e-02
 5.0966022651565623e-01, -1.9020910702671472e+00,  1.8931972473336497e+01,  1.0532823721318952e+01, -4.7643121637649287e+01, -4.4205359725384792e+00,  3.5067610226880004e+00,  3.2302965006090170e+02,  2.4892694318204942e+00, -2.2107995724254579e+00,  3.0811958216178851e+01,  2.0058977222797054e+00,  1.3775936768467383e+00,  4.2347343465642320e+00,  2.9067570122517900e-01, -1.6982346526202106e+00, -4.1572701177749471e-03, -8.0000000000000085e+01, -8.5304016780732255e+00, -6.5940033558758282e+00, -2.4009925368710288e-03, -1.7787261046780375e-11,  5.9545450451539011e+01,  1.9290653267692182e+01,  2.8350495489745539e-02
 5.1965356429047305e-01, -1.8657395586234315e+00,  1.8363055634311561e+01,  1.0069007747469438e+01, -4.7812967700169523e+01, -4.4350441300488592e+00,  3.4974543681336421e+00,  3.2935766143070674e+02,  2.6011277708841520e+00, -2.2858235762942058e+00,  3.0335407839929807e+01,  1.9499901213948903e+00,  1.3852452978956313e+00,  3.4352673245788852e+00,  2.0840182269338031e-01, -1.7631675075390185e+00, -4.1798484105609046e-03, -8.0000000000000128e+01, -7.9508221040754190e+00, -6.3831778794113898e+00, -2.1212108840139680e-03,  9.7829935757293151e-11,  5.6447741624564458e+01,  2.2902552088731294e+01,  2.7643139302050101e-02
 5.2964690206528975e-01, -1.8300595594848801e+00,  1.7798220333839186e+01,  9.6057797600322949e+00, -4.7740059960855902e+01, -4.4409635621776271e+00,  3.4810632227505840e+00,  3.3568554163498152e+02,  2.7148906439691629e+00, -2.3612067842859688e+00,  2.9858394578790325e+01,  1.8941244425616848e+00,  1.3932001678565979e+00,  2.6358003025935481e+00,  1.3176519947816911e-01, -1.8258131578716037e+00, -4.1996660714860856e-03, -8.0000000000000071e+01, -7.4009571241143002e+00, -6.1377219115179358e+00, -1.8488082121171925e-03, -8.4489489972207727e-11,  5.3598569698321199e+01,  2.6221368952345472e+01,  2.6873715433558074e-02
 5.3964023984010656e-01, -1.7951223607926750e+00,  1.7239856765144641e+01,  9.1432581557990069e+00, -4.7430075455116885e+01, -4.4387676407351702e+00,  3.4577603790869706e+00,  3.4201329451957309e+02,  2.8305165572706064e+00, -2.4369152545841644e+00,  2.9383313696652795e+01,  1.8384088472121105e+00,  1.4014377583545252e+00,  1.8363332806082027e+00,  6.0481293896959047e-02, -1.8858401639984039e+00, -4.2167999404499890e-03, -8.0000000000000028e+01, -6.8784459555567521e+00, -5.8604167001913581e+00, -1.5843836361987234e-03,  4.4468152616950938e-12,  5.0973332168988570e+01,  2.9276647341140361e+01,  2.6046456360256307e-02
 5.4963357761492337e-01, -1.7609901873420313e+00,  1.6690249598542806e+01,  8.6816129607969010e+00, -4.6888572355930073e+01, -4.4289025819892283e+00,  3.4277142580777080e+00,  3.4834092383860656e+02,  2.9479652773652614e+00, -2.5129152187728323e+00,  2.8912503954026601e+01,  1.7829457979271277e+00,  1.4099318330787478e+00,  1.0368662586228576e+00, -5.7120681212333019e-03, -1.9429434050439829e+00, -4.2313326331689383e-03, -8.0000000000000028e+01, -6.3811761174929318e+00, -5.5537574286612514e+00, -1.3284935404417094e-03, -4.4468152616950938e-12,  4.8546938088850226e+01,  3.2096094867751454e+01,  2.5165681470580646e-02
 5.5962691538974019e-01, -1.7277167414627002e+00,  1.6151580907724938e+01,  8.2210625394941381e+00, -4.6120992337032867e+01, -4.4117921443327850e+00,  3.3910879021659910e+00,  3.5466843325729536e+02,  3.0671979285554554e+00, -2.5891730228013330e+00,  2.8448248834990988e+01,  1.7278322033217979e+00,  1.4186508151455868e+00,  2.3739923663751206e-01, -6.7057202788442960e-02, -1.9968413118064239e+00, -4.2433521098125815e-03, -8.0000000000000043e+01, -5.9072848886468661e+00, -5.2199707810202938e+00, -1.0816510719090227e-03,  0.0000000000000000e+00,  4.6294493177542151e+01,  3.4705739546792053e+01,  2.4235724565094319e-02
 5.6962025316455700e-01, -1.6953477265664105e+00,  1.5625933249866591e+01,  7.7618691875241161e+00, -4.5132662899661220e+01, -4.3878417513122185e+00,  3.3480380484101344e+00,  3.6099582635366630e+02,  3.1881770856978631e+00, -2.6656550806619634e+00,  2.7992777747573427e+01,  1.6731595500114791e+00,  1.4275581499587922e+00, -5.6206778534783342e-01, -1.2377905456987182e-01, -2.0472732674228031e+00, -4.2529512422010973e-03, -8.0000000000000043e+01, -5.4551549149247291e+00, -4.8610308352730476e+00, -8.4432634490220104e-04,  8.7824601418479086e-11,  4.4191785563387924e+01,  3.7130108262095746e+01,  2.3260864133205324e-02
 5.7961359093937370e-01, -1.6639213585165180e+00,  1.5115292923214023e+01,  7.3043337712544378e+00, -4.3928799663102701e+01, -4.3574420714090394e+00,  3.2987142763822446e+00,  3.6732310661936771e+02,  3.3108668621442425e+00, -2.7423278394562658e+00,  2.7548267198177008e+01,  1.6190140271830957e+00,  1.4366126631831198e+00, -1.3615348073331701e+00, -1.7608761414603213e-01, -2.0939971579477903e+00, -4.2602273865261497e-03, -8.0000000000000028e+01, -5.0234052785785321e+00, -4.4786733469956372e+00, -6.1694730731827560e-04, -8.1154378525936367e-11,  4.2215708324031148e+01,  3.9392370391823690e+01,  2.2245260588591081e-02
 5.8960692871419051e-01, -1.6334688686596337e+00,  1.4621553414147169e+01,  6.8487895629201994e+00, -4.2514508619767184e+01, -4.3209720845465496e+00,  3.2432582275122264e+00,  3.7365027745970940e+02,  3.4352329925336362e+00, -2.8191577544293978e+00,  2.7116841940099835e+01,  1.5654766485585601e+00,  1.4457689132132887e+00, -2.1610018293185149e+00, -2.2418022602713730e-01, -2.1367870585019961e+00, -4.2652819678636877e-03, -8.0000000000000014e+01, -4.6108789667607786e+00, -4.0744086318890371e+00, -3.9990121285098096e-04, -6.6702228925426411e-12,  4.0344557547756636e+01,  4.1514474591505675e+01,  2.1192897784129614e-02
 5.9960026648900733e-01, -1.6040150018707209e+00,  1.4146519041124030e+01,  6.3955954086261322e+00, -4.0894788355567201e+01, -4.2788016720119657e+00,  3.1818028943237771e+00,  3.7997734219307080e+02,  3.5612429101473753e+00, -2.8961112725228304e+00,  2.6700576096503870e+01,  1.5126233761743553e+00,  1.4549775375484002e+00, -2.9604688513038604e+00, -2.6824375605330975e-01, -2.1754310413299831e+00, -4.2682200823193073e-03, -8.0000000000000043e+01, -4.2166277962826060e+00, -3.6495332680041699e+00, -1.9353665213693813e-04,  0.0000000000000000e+00,  3.8558243370608082e+01,  4.3517248233985633e+01,  2.0107529633440726e-02
 6.0959360426382414e-01, -1.5755785123062651e+00,  1.3691908795270592e+01,  5.9451283541679807e+00, -3.9074532236488864e+01, -4.2312937689879764e+00,  3.1144719795337834e+00,  3.8630430404982809e+02,  3.6888658185318812e+00, -2.9731548229683540e+00,  2.6301494258196147e+01,  1.4605252499222781e+00,  1.4641855924154807e+00, -3.7599358732892059e+00, -3.0845659770500439e-01, -2.2097290958371896e+00, -4.2691501221369110e-03, -8.0000000000000028e+01, -3.8398955717072458e+00, -3.2051407932353158e+00,  1.8339094850661265e-06,  9.3383120495598010e-11,  3.6838432507745239e+01,  4.5420499049758206e+01,  1.8992632099176510e-02
 6.1958694203864084e-01, -1.5481726589090385e+00,  1.3259360369365996e+01,  5.4977758412778606e+00, -3.7058530562323192e+01, -4.1788061199033288e+00,  3.0413793262865934e+00,  3.9263116617091123e+02,  3.8180727571898521e+00, -3.0502548133317759e+00,  2.5921572556544785e+01,  1.4092485263045873e+00,  1.4733368848966533e+00, -4.5594028952745420e+00, -3.4499050298949696e-01, -2.2394911504552724e+00, -4.2681834285654419e-03, -8.0000000000000000e+01, -3.4801000937688285e+00, -2.7421316245875311e+00,  1.8593113972252147e-04, -8.8936305233902868e-11,  3.5168635810330287e+01,  4.7243069235618748e+01,  1.7851360245679671e-02
 6.2958027981345766e-01, -1.5218057021918412e+00,  1.2850434359206277e+01,  5.0539275744664955e+00, -3.4851472688349766e+01, -4.1216926766587241e+00,  2.9626284215656078e+00,  3.9895793160611339e+02,  3.9488366611513745e+00, -3.1273776295402058e+00,  2.5562739711866545e+01,  1.3588548293388065e+00,  1.4823722967813078e+00, -5.3588699172598870e+00, -3.7801222915941113e-01, -2.2645351909322100e+00, -4.2654339767727034e-03, -8.0000000000000000e+01, -3.1368145679569186e+00, -2.2612225092208265e+00,  3.5850544242319694e-04,  0.0000000000000000e+00,  3.3534240755489563e+01,  4.9002875053101619e+01,  1.6686510201482499e-02
 6.3957361758827447e-01, -1.4964814033553466e+00,  1.2466618614210834e+01,  4.6139671469379131e+00, -3.2457949115621588e+01, -4.0603046799536493e+00,  2.8783119756672297e+00,  4.0528460331225523e+02,  4.0811324142878336e+00, -3.2044896383122250e+00,  2.5226878057677506e+01,  1.3094013160942266e+00,  1.4912300993563876e+00, -6.1583369392452321e+00, -4.0768499801861607e-01, -2.2846854710925975e+00, -4.2610180966049516e-03, -8.0000000000000043e+01, -2.8097488800996655e+00, -1.7629557129770719e+00,  5.1933320349727293e-04, -8.8936305233901876e-12,  3.1922505574341915e+01,  5.0716919768481603e+01,  1.5500485714809172e-02
 6.4956695536309128e-01, -1.4721995264453653e+00,  1.2109332706959318e+01,  4.1782635033073170e+00, -2.9882453550216912e+01, -3.9949914630494794e+00,  2.7885115811891907e+00,  4.1161118415130028e+02,  4.2149368962772824e+00, -3.2815571904939134e+00,  2.4915824541200685e+01,  1.2609408589379010e+00,  1.4998462583885210e+00, -6.9578039612305780e+00, -4.3416976840190957e-01, -2.2997708147758558e+00, -4.2550542325322516e-03, -8.0000000000000185e+01, -2.4987310941523622e+00, -1.2477081499395561e+00,  6.6821272783060108e-04, -1.7787261046780375e-11,  3.0322520653244876e+01,  5.2401292514092965e+01,  1.4295269755100834e-02
 6.5956029313790809e-01, -1.4489563438414734e+00,  1.1779932484212136e+01,  3.7471623049061371e+00, -2.7129384931477841e+01, -3.9261010153786864e+00,  2.6932974553469835e+00,  4.1793767688850500e+02,  4.3502290231652774e+00, -3.3585466238000663e+00,  2.4631371700523410e+01,  1.2135222460532451e+00,  1.5081547285876600e+00, -7.7572709832159257e+00, -4.5762632568322037e-01, -2.3096230090660730e+00, -4.2476627456156657e-03, -8.0000000000000085e+01, -2.2036894391183317e+00, -7.1570069728562480e-01,  8.0495991309968500e-04,  1.2451082732746401e-10,  2.8725149240901768e+01,  5.4071132343714972e+01,  1.3072400256751006e-02
 6.6955363091272480e-01, -1.4267451452161595e+00,  1.1479714655835068e+01,  3.3209772540371283e+00, -2.4203049428756874e+01, -3.8539803414147928e+00,  2.5927282696041312e+00,  4.2426408419068059e+02,  4.4869897814983037e+00, -3.4354242635126866e+00,  2.4375268618828169e+01,  1.1671904014488526e+00,  1.5160877369784198e+00, -8.5567380052012609e+00, -4.7821419423372152e-01, -2.3140752924031500e+00, -4.2389657599186670e-03, -8.0000000000000043e+01, -1.9246349701986061e+00, -1.6700796104670806e-01,  9.2940370233553986e-04, -1.1561719680407373e-10,  2.7122951805566114e+01,  5.5740573935567248e+01,  1.1832950095651492e-02
 6.7954696868754161e-01, -1.4055567499526660e+00,  1.1209921372500144e+01,  2.8999814242655297e+00, -2.1107662405603776e+01, -3.7789756477233443e+00,  2.4868510707095024e+00,  4.3059040862463269e+02,  4.6252022560150143e+00, -3.5121564197252155e+00,  2.4149221856212616e+01,  1.1219866253008783e+00,  1.5235760547644592e+00, -9.3562050271866077e+00, -4.9609338038405848e-01, -2.3129609429977194e+00, -4.2290870553624571e-03, -7.5865764877262691e+01, -1.6616346873538059e+00,  3.9832430037038785e-01,  1.0413849139517292e-03,  8.2739825589719305e+02,  2.5512171467771292e+01,  5.7401255982707717e+01,  1.0578223055802990e-02
 6.8954030646235842e-01, -1.3853798391925238e+00,  1.0971715060589004e+01,  2.4844003252889486e+00, -1.7852324468585405e+01, -3.7014348773227055e+00,  2.3758464809999640e+00,  4.3691665265600477e+02,  4.7648516187082617e+00, -3.5887093936235033e+00,  2.3954888772768889e+01,  1.0779487617281882e+00,  1.5305494597024858e+00, -1.0073042433127901e+01, -5.1142474761187895e-01, -2.3061141138481123e+00, -4.2181519375212306e-03, -5.2556847680190224e+01, -1.4143923491272874e+00,  9.7586797679990644e-01,  1.1409114050658854e-03,  3.8374930391435669e+03,  2.3969261822629139e+01,  5.8184485126719665e+01,  9.3403453658434422e-03
 6.9953364423717523e-01, -1.3661979467324272e+00,  1.0765608397905483e+01,  2.0744647873417676e+00, -1.4514078727027089e+01, -3.6217494771738212e+00,  2.2618721416445551e+00,  4.4324281865589569e+02,  4.9059237714607731e+00, -3.6650500509003905e+00,  2.3793558543773337e+01,  1.0351075380637615e+00,  1.5369455710509103e+00, -1.0406641689682084e+01, -5.2436238136594970e-01, -2.2934565863661422e+00, -4.2062840292785286e-03, -1.5718525917848844e+01, -1.1815986737161643e+00,  1.5483037230529442e+00,  1.2285511519814017e-03,  3.5350830895597269e+03,  2.2620512416318434e+01,  5.6378988890053598e+01,  8.1992893168472084e-03
 7.0952698201199194e-01, -1.3479872064109486e+00,  1.0591023702041419e+01,  1.6705150619116615e+00, -1.1206445785014706e+01, -3.5403672090187408e+00,  2.1481554815714570e+00,  4.4956890891873434e+02,  5.0484023834012923e+00, -3.7411470616334555e+00,  2.3665478232809399e+01,  9.9347849712804592e-01,  1.5427285501763184e+00, -1.0387203510766451e+01, -5.3504097693332120e-01, -2.2751686696831634e+00, -4.1935972842504499e-03,  1.6427027037675838e+01, -9.6171621699064580e-01,  2.0912591106144420e+00,  1.3054074704843565e-03,  2.8983135752726334e+03,  2.1385296589682145e+01,  5.2284482673921168e+01,  7.1822218928775591e-03
 7.1952031978680875e-01, -1.3307183082018810e+00,  1.0446583327757081e+01,  1.2729764537593695e+00, -8.0227227948877893e+00, -3.4577546618901542e+00,  2.0373449970133097e+00,  4.5589492566782889e+02,  5.1922687200760089e+00, -3.8169709422381857e+00,  2.3569858777984027e+01,  9.5306219097212086e-01,  1.5478899418398349e+00, -1.0078320030035000e+01, -5.4358389136576268e-01, -2.2516592690320762e+00, -4.1801932737058900e-03,  4.2399082009094563e+01, -7.5408460564772961e-01,  2.5856987683746295e+00,  1.3727356352507291e-03,  2.2995603596740057e+03,  2.0168709893745891e+01,  4.6669374165820386e+01,  6.2923881490339739e-03
 7.2951365756162556e-01, -1.3143577678685006e+00,  1.0330312791959081e+01,  8.8231334949733764e-01, -5.0360484879757372e+00, -3.3743754148525378e+00,  1.9315152613707791e+00,  4.6222087105642186e+02,  5.3375023110803079e+00, -3.8924937674819375e+00,  2.3505082218193856e+01,  9.1384675737341858e-01,  1.5524439591084032e+00, -9.5397868150483696e+00, -5.5011262128337579e-01, -2.2234891473305725e+00, -4.1661608624932733e-03,  6.2623724142028330e+01, -5.5878417102740197e-01,  3.0195420187613053e+00,  1.4317985729597825e-03,  1.7480646858637956e+03,  1.8917417088268905e+01,  4.0157121678232777e+01,  5.5280744511378701e-03
 7.3950699533644237e-01, -1.2988689905680531e+00,  1.0239816304185437e+01,  4.9899698808494009e-01, -2.3011177388853756e+00, -3.2906731120153072e+00,  1.8322196534673010e+00,  4.6854674716872506e+02,  5.4840815558075073e+00, -3.9676889321890485e+00,  2.3468894413441472e+01,  8.7581025999841744e-01,  1.5564229357232067e+00, -8.8266799738985213e+00, -5.5475212929435835e-01, -2.1913086623946083e+00, -4.1515763801757144e-03,  7.5625966647839562e+01, -3.7628655055233656e-01,  3.3863854866018270e+00,  1.4838213758427477e-03,  8.5411744763255240e+02,  1.7606440022807440e+01,  3.3260484352250145e+01,  4.8834224991728863e-03
 7.4950033311125919e-01, -1.2842133182042517e+00,  1.0172451586545671e+01,  1.2348241685173278e-01,  1.4739607895017001e-01, -3.2070575151862850e+00,  1.7404480772368658e+00,  4.7487255602068706e+02,  5.6319842896806458e+00, -4.0425309432193899e+00,  2.3458587366530406e+01,  8.3892287270465316e-01,  1.5598728799652544e+00, -8.0282751565305865e+00, -5.5763333848295615e-01, -2.1558065593238736e+00, -4.1365042060806934e-03,  7.9946854362308869e+01, -2.0733287115146828e-01,  3.6857287274073252e+00,  1.5299076933607374e-03,  1.0636213623155129e+01,  1.6206823014619992e+01,  2.6648076240952882e+01,  4.3399858467590823e-03
 7.5949367088607589e-01, -1.2703517841127905e+00,  1.0125616706274787e+01, -2.4382531624236847e-01,  2.3065222116818553e+00, -3.1238876924207655e+00,  1.6562928308439591e+00,  4.8119829955721741e+02,  5.7811887284139880e+00, -4.1169950585008337e+00,  2.3471266914603305e+01,  8.0315007987958698e-01,  1.5628466278918522e+00, -7.2288081345452513e+00, -5.5889602412083672e-01, -2.1176431981559545e+00, -4.1209986114876251e-03,  7.9999999999999957e+01, -5.2811996050014985e-02,  3.9227727976379008e+00,  1.5709624920623585e-03,  1.0672356628068345e-10,  1.4717954789017625e+01,  2.0792343681193149e+01,  3.8764478667254131e-03
 7.6948700866089270e-01, -1.2572458098825336e+00,  1.0096835904722102e+01, -6.0259316675039543e-01,  4.1826074859501121e+00, -3.0414748506347422e+00,  1.5795884188601224e+00,  4.8752397964890196e+02,  5.9316742586446418e+00, -4.1910569873125496e+00,  2.3504076725977217e+01,  7.6845541886036806e-01,  1.5653979588807514e+00, -6.4293411125599063e+00, -5.5868887471313633e-01, -2.0774033721625567e+00, -4.1051058884511993e-03,  8.0000000000000128e+01,  8.6635171700049751e-02,  4.1046909052277902e+00,  1.6077519464419172e-03,  2.6680891570170564e-11,  1.3190071716695371e+01,  1.5615533584467881e+01,  3.4863482697720049e-03
 7.7948034643570951e-01, -1.2448571683783030e+00,  1.0083733241196690e+01, -9.5254902981985978e-01,  5.7818928333880626e+00, -2.9600877176736913e+00,  1.5101812210644339e+00,  4.9384959809533433e+02,  6.0834214014902148e+00, -4.2646929275324510e+00,  2.3554223316943041e+01,  7.3480091262524949e-01,  1.5675808588876259e+00, -5.6298740905745586e+00, -5.5716447505288103e-01, -2.0356040728016347e+00, -4.0888649949697986e-03,  8.0000000000000313e+01,  2.1084448625540211e-01,  4.2376438146606326e+00,  1.6409917690966649e-03,  8.8936305233901876e-12,  1.1668352436315757e+01,  1.0992775356689442e+01,  3.1660482375314796e-03
 7.8947368421052633e-01, -1.2331480343539170e+00,  1.0084027037691431e+01, -1.2934685985587429e+00,  7.1105007960962396e+00, -2.8799553238114997e+00,  1.4479297308066392e+00,  5.0017515662843624e+02,  6.2364116718960494e+00, -4.3378796379074629e+00,  2.3618974870244582e+01,  7.0214720682743614e-01,  1.5694494743965528e+00, -4.8304070685892100e+00, -5.5447479437492042e-01, -1.9927069601440228e+00, -4.0723079183826449e-03,  8.0000000000000540e+01,  3.2004891720226697e-01,  4.3266528161466953e+00,  1.6713645156946268e-03, -5.3361783140341723e-11,  1.0187094343849832e+01,  6.8208928073785628e+00,  2.9125507816054599e-03
 7.9946702198534303e-01, -1.2220810268539708e+00,  1.0095524366241417e+01, -1.6251641054032930e+00,  8.1744369911430965e+00, -2.8012701250356700e+00,  1.3927043123148544e+00,  5.0650065691676809e+02,  6.3906274445081737e+00, -4.4105945009596326e+00,  2.3695660063115110e+01,  6.7045371369492113e-01,  1.5710580739393865e+00, -4.0309400466038667e+00, -5.5076776118474779e-01, -1.9491286667494025e+00, -4.0554599746694397e-03,  8.0000000000000554e+01,  4.1477848154593699e-01,  4.3757973060822115e+00,  1.6995255826037223e-03,  5.3361783140341723e-11,  8.7714491334633866e+00,  3.0145577783806687e+00,  2.7234174091348988e-03
 8.0946035976015984e-01, -1.2116192436202482e+00,  1.0116115578896975e+01, -1.9474748369723578e+00,  8.9795916471440211e+00, -2.7241913395359836e+00,  1.3443868896951292e+00,  5.1282610056865212e+02,  6.5460518263824472e+00, -4.4828155787945434e+00,  2.3781666910766194e+01,  6.3967875755467141e-01,  1.5724610164212376e+00, -3.2314730246185177e+00, -5.4618475143929213e-01, -1.9052493191163973e+00, -4.0383400519748425e-03,  8.0000000000000355e+01,  4.9577672324426647e-01,  4.3883772955140286e+00,  1.7261083413164268e-03, -8.8936305233901876e-12,  7.4389989717628113e+00, -4.9688256008811604e-01,  2.5966787012362573e-03
 8.1945369753497665e-01, -1.2017262887889046e+00,  1.0143768918913935e+01, -2.2602592762425076e+00,  9.5317412009629816e+00, -2.6488483969958101e+00,  1.3028705834860359e+00,  5.1915148913649341e+02,  6.7026685363085390e+00, -4.5545216630653158e+00,  2.3874441625471498e+01,  6.0977971982753276e-01,  1.5737127264545621e+00, -2.4320060026331696e+00, -5.4085883267220414e-01, -1.8614195935545850e+00, -4.0209608072880321e-03,  8.0000000000000156e+01,  5.6393086908798096e-01,  4.3670487185167266e+00,  1.7517285075596407e-03, -3.1127706831865661e-11,  6.2009174164258765e+00, -3.7716766496386480e+00,  2.5307705695722625e-03
 8.2944703530979347e-01, -1.1923662951772940e+00,  1.0176525239891781e+01, -2.5633887894477887e+00,  9.8365499460226502e+00, -2.5753444205588640e+00,  1.2680593071721229e+00,  5.2547682412019083e+02,  6.8604617908243402e+00, -4.6256923204964551e+00,  2.3971487492093701e+01,  5.8071317966061198e-01,  1.5748676761687499e+00, -1.6325389806478245e+00, -5.3491364812640774e-01, -1.8179665332699602e+00, -4.0033288226432040e-03,  7.9999999999999801e+01,  6.2021428855971994e-01,  4.3139352391783712e+00,  1.7769877959940869e-03, -4.0021337355255847e-11,  5.0632709338514541e+00, -6.8581010152774544e+00,  2.5244550224415852e-03
 8.3944037308461028e-01, -1.1835039429255403e+00,  1.0212492849025123e+01, -2.8567427180360454e+00,  9.8995717224154873e+00, -2.5037596706491683e+00,  1.2398673374283264e+00,  5.3180210697072084e+02,  7.0194161966031041e+00, -4.6963079349170584e+00,  2.4070363760256519e+01,  5.5243504974747415e-01,  1.5759803736516815e+00, -8.3307195866248351e-01, -5.2846281091551417e-01, -1.7751983695869957e+00, -3.9854447287538397e-03,  7.9657172356443056e+01,  6.6563972905956303e-01,  4.2307225245842712e+00,  1.8024768048107969e-03, -6.8611239063872475e+01,  4.0278738915164469e+00, -9.7955369321599584e+00,  2.5767452754073090e-03
 8.4943371085942698e-01, -1.1751044854038355e+00,  1.0249843688432097e+01, -3.1402048263902707e+00,  9.7264813116256796e+00, -2.4341548054423252e+00,  1.2182124868798909e+00,  5.3812733909339011e+02,  7.1795166498492362e+00, -4.7663497461599036e+00,  2.4168684748113112e+01,  5.2490070840097092e-01,  1.5771053529705057e+00, -4.0456921558361357e-02, -5.2160972282874829e-01, -1.7334084548305679e+00, -3.9673033035597105e-03,  7.4696058331206629e+01,  7.0116957004152447e-01,  4.1192839563044048e+00,  1.8287580708402495e-03, -9.2427304785344882e+02,  3.0828316170067707e+00, -1.2507035199583969e+01,  2.6830120992871295e-03
 8.5942704863424380e-01, -1.1671344767427172e+00,  1.0286902964171475e+01, -3.4136697098110673e+00,  9.3359047128152763e+00, -2.3665680250210452e+00,  1.2026582554454426e+00,  5.4445252184856622e+02,  7.3407484357127046e+00, -4.8357998022493121e+00,  2.4264164636213117e+01,  4.9806566712691813e-01,  1.5782960108799606e+00,  6.5985392403984289e-01, -5.1444876221381819e-01, -1.6928675776555289e+00, -3.9488939345331819e-03,  6.4333018005372182e+01,  7.2748432806101526e-01,  3.9840350719681807e+00,  1.8562727072013814e-03, -1.1497167560234777e+03,  2.1836286212947891e+00, -1.4560774852234569e+01,  2.8235837911228124e-03
 8.6942038640906061e-01, -1.1595631413139245e+00,  1.0322325589609655e+01, -3.6770771333444188e+00,  8.7653792294522450e+00, -2.3010121118899765e+00,  1.1922420518812922e+00,  5.5077765654377492e+02,  7.5030979991626392e+00, -4.9046406168945396e+00,  2.4354815982065631e+01,  4.7188809068251913e-01,  1.5795994992445523e+00,  1.2453462364437504e+00, -5.0706972959634955e-01, -1.6537808384687787e+00, -3.9302025832292364e-03,  5.3135999576189867e+01,  7.4499901722255757e-01,  3.8321168640625149e+00,  1.8852894346275564e-03, -1.0911798656035351e+03,  1.3216445029024273e+00, -1.5843122489952592e+01,  2.9836305911023321e-03
 8.7941372418387742e-01, -1.1523622207238304e+00,  1.0355062045246544e+01, -3.9304252274483247e+00,  8.0518949367377513e+00, -2.2374831443442913e+00,  1.1860112353638603e+00,  5.5710274443042340e+02,  7.6665532451164990e+00, -4.9728550229901884e+00,  2.4439029467401554e+01,  4.4632998483078445e-01,  1.5810545311178530e+00,  1.7218659075746197e+00, -4.9955870857179502e-01, -1.6162763012252319e+00, -3.9112132662861288e-03,  4.2611530474738991e+01,  7.5415405404512315e-01,  3.6706249023167419e+00,  1.9159654401791266e-03, -1.0151172172334960e+03,  5.1058353318815231e-01, -1.6476802120768021e+01,  3.1556606532852144e-03
 8.8940706195869423e-01, -1.1455058571735890e+00,  1.0384324431477189e+01, -4.1737670985453832e+00,  7.2296333547140730e+00, -2.1759632024790974e+00,  1.1830843290498543e+00,  5.6342778670551638e+02,  7.8311034231943246e+00, -5.0404262009906233e+00,  2.4515551299356304e+01,  4.2135718261743005e-01,  1.5826917675334069e+00,  2.0970090707156843e+00, -4.9199669720370881e-01, -1.5804172494817683e+00, -3.8919088036120653e-03,  3.2908868805684492e+01,  7.5551455245858301e-01,  3.5054483033756005e+00,  1.9483883228745970e-03, -9.2670880479998618e+02, -2.3830245070801373e-01, -1.6580541213989736e+01,  3.3332389368328102e-03
 8.9940039973351094e-01, -1.1389704892120562e+00,  1.0409556711542177e+01, -4.4072062408561550e+00,  6.3295879224412799e+00, -2.1164220906484990e+00,  1.1826604367784039e+00,  5.6975278451387408e+02,  7.9967389920391181e+00, -5.1073377130560402e+00,  2.4583453158517081e+01,  3.9693922301446838e-01,  1.5845344087467665e+00,  2.3796047910992910e+00, -4.8445848433877875e-01, -1.5462140433296505e+00, -3.8722714610321396e-03,  2.4128648065599581e+01,  7.4974426337267497e-01,  3.3413473605507078e+00,  1.9825855592995609e-03, -8.3050603931568014e+02, -9.1652473835172943e-01, -1.6261527476698916e+01,  3.5107679796832747e-03
 9.0939373750832775e-01, -1.1327347226533675e+00,  1.0430404616038304e+01, -4.6308912513752496e+00,  5.3793370651337167e+00, -2.0588188462023926e+00,  1.1840248061357599e+00,  5.7607773895064281e+02,  8.1634514799862874e+00, -5.1735735366801237e+00,  2.4642099137875508e+01,  3.7304916945457389e-01,  1.5865988772077171e+00,  2.5792605310541155e+00, -4.7701180186648018e-01, -1.5136348238878170e+00, -3.8522835092889562e-03,  1.6329180025480394e+01,  7.3757943492130740e-01,  3.1820695819595963e+00,  2.0185327952665076e-03, -7.3042749778015207e+02, -1.5180629290477972e+00, -1.5615265278665227e+01,  3.6834721785039388e-03
 9.1938707528314456e-01, -1.1267791837842651e+00,  1.0446686104189917e+01, -4.8450100114479113e+00,  4.4029479455714391e+00, -2.0031031212934818e+00,  1.1865511304423724e+00,  5.8240265106403137e+02,  8.3312333461961909e+00, -5.2391180968115805e+00,  2.4691111085591199e+01,  3.4966338230454497e-01,  1.5888955560361482e+00,  2.7059708142601258e+00, -4.6971672348092447e-01, -1.4826150510186658e+00, -3.8319277009668529e-03,  9.5327091222011564e+00,  7.1980528753509354e-01,  3.0304656441847251e+00,  2.0561619441614373e-03, -6.2977287899612918e+02, -2.0391364345131180e+00, -1.4725736134678977e+01,  3.8473748203346533e-03
 9.2938041305796137e-01, -1.1210863613956690e+00,  1.0458363071417105e+01, -5.0497835304768444e+00,  3.4209894234543055e+00, -1.9492165008817943e+00,  1.1897011534865594e+00,  5.8872752185820639e+02,  8.5000778455960511e+00, -5.3039562955564179e+00,  2.4730333548476597e+01,  3.2676125844877912e-01,  1.5914295523924400e+00,  2.7697876953885827e+00, -4.6262528712560552e-01, -1.4530658902931854e+00, -3.8111876676334977e-03,  3.7314590377649770e+00,  6.9723459581832326e-01,  2.8886026172058190e+00,  2.0953690148597689e-03, -5.3125063790237198e+02, -2.4780113344039769e+00, -1.3665784331369331e+01,  3.9992669287557533e-03
 9.3937375083277808e-01, -1.1156404433963871e+00,  1.0465514811957192e+01, -5.2454596575830728e+00,  2.4506338425167837e+00, -1.8970937955628520e+00,  1.1930220991484177e+00,  5.9505235229626612e+02,  8.6699789002753427e+00, -5.3680735387915774e+00,  2.4759799302701204e+01,  3.0432494997902726e-01,  1.5942014604930730e+00,  2.7805502753746820e+00, -4.5578132183232378e-01, -1.4248814877167508e+00, -3.7900482403100955e-03, -1.1066507447087923e+00,  6.7068815399937687e-01,  2.7578724626701163e+00,  2.1360215804595659e-03, -4.3701639989671486e+02, -2.8348165549611704e+00, -1.2497677263042732e+01,  4.1366665332836531e-03
 9.4936708860759489e-01, -1.1104271529306970e+00,  1.0468313590655699e+01, -5.4323068602346360e+00,  1.5058285993039673e+00, -1.8466643263914830e+00,  1.1961424043195246e+00,  6.0137714330323865e+02,  8.8409309793418842e+00, -5.4314557591460471e+00,  2.4779696263209221e+01,  2.8233907264560987e-01,  1.5972081039405583e+00,  2.7476694260073278e+00, -4.4922046059663734e-01, -1.3979451881745291e+00, -3.7684956973378370e-03, -5.0327092815636068e+00,  6.4097710686028886e-01,  2.6390943238204470e+00,  2.1779657951416513e-03, -3.4871878194583292e+02, -3.1113543458075821e+00, -1.1273787592068112e+01,  4.2577689650934334e-03
 9.5936042638241170e-01, -1.1054335880360213e+00,  1.0467002545696445e+01, -5.6106082482437927e+00,  5.9752015791492197e-01, -1.7978532014059772e+00,  1.1987661834619843e+00,  6.0770189576903761e+02,  9.0129289886710655e+00, -5.4940894350293092e+00,  2.4790336379938569e+01,  2.6079041321555252e-01,  1.6004432415898977e+00,  2.6799631478284405e+00, -4.4297032036276435e-01, -1.3721347657216718e+00, -3.7465179446043995e-03, -8.1120011439349504e+00,  6.0888724799897798e-01,  2.5326095819687962e+00,  2.2210328735151408e-03, -2.6755016277675043e+02, -3.3108960743027582e+00, -1.0037358743842228e+01,  4.3613889867208933e-03
 9.6935376415722851e-01, -1.1006480680138111e+00,  1.0461876035205027e+01, -5.7806559923178327e+00, -2.6608501459044637e-01, -1.7505825712245393e+00,  1.2006668035006738e+00,  6.1402661055132955e+02,  9.1859681714780841e+00, -5.5559616055143124e+00,  2.4792126964833621e+01,  2.3966764335041990e-01,  1.6038982252074903e+00,  2.5855374910852431e+00, -4.3705082872457246e-01, -1.3473267421658255e+00, -3.7241046339098194e-03, -1.0419713060634859e+01,  5.7516543681633114e-01,  2.4383690273960563e+00,  2.2650449601135680e-03, -1.9429991548545692e+02, -3.4379624037176111e+00, -8.8233175779820296e+00,  4.4468966111776394e-03
 9.7934710193204533e-01, -1.0960599888921934e+00,  1.0453262453438006e+01, -5.9427462525704193e+00, -1.0792362098005073e+00, -1.7047728438211422e+00,  1.2016798979603920e+00,  6.2035128847826627e+02,  9.3600440202131434e+00, -5.6170598810676893e+00,  2.4785544749246803e+01,  2.1896104611188028e-01,  1.6075626006859527e+00,  2.4717077235652516e+00, -4.3147467538975304e-01, -1.3233998751008311e+00, -3.7012472258812767e-03, -1.2037176161051452e+01,  5.4050827438850924e-01,  2.3560117979411790e+00,  2.3098203352378368e-03, -1.2940836634457116e+02, -3.4980910368377707e+00, -7.6591092769234992e+00,  4.5141484636902025e-03
 9.8934043970686203e-01, -1.0916596896291821e+00,  1.0441509472321753e+01, -6.0971746974204031e+00, -1.8383426466602950e+00, -1.6603438354600166e+00,  1.2016961011425862e+00,  6.2667593035105313e+02,  9.5351521999114190e+00, -5.6773724502254481e+00,  2.4771112844839049e+01,  1.9866225974489682e-01,  1.6114246476357101e+00,  2.3449543566205246e+00, -4.2624786521247704e-01, -1.3002378987692664e+00, -3.6779390042914750e-03, -1.3048642731668966e+01,  5.0555313365618060e-01,  2.2849359757853458e+00,  2.3551779240612745e-03, -7.3019809988347944e+01, -3.4975977950589501e+00, -6.5655319305306099e+00,  4.5634169795071931e-03
 9.9933377748167884e-01, -1.0874383300669024e+00,  1.0426971609988037e+01, -6.2442326592961628e+00, -2.5416758630621814e+00, -1.6172158351780110e+00,  1.2006537366023720e+00,  6.3300053694632936e+02,  9.7112884828219617e+00, -5.7368880824305961e+00,  2.4749380672622078e+01,  1.7876404204838092e-01,  1.6154718547844833e+00,  2.2109087349243004e+00, -4.2137034893426645e-01, -1.2777316011011242e+00, -3.6541750488514047e-03, -1.3538582009623651e+01,  4.7087156948493442e-01,  2.2243609326206153e+00,  2.4009410976818858e-03, -2.5033370839649994e+01, -3.4433392477464770e+00, -5.5575533748374815e+00,  4.5953195010978130e-03
 1.0093271152564955e+00, -1.0833877811168122e+00,  1.0409999988913722e+01, -6.3842039434425075e+00, -3.1890783791667734e+00, -1.5753105632384361e+00,  1.1985316516497915e+00,  6.3932510901834155e+02,  9.8884486938967981e+00, -5.7955961273382854e+00,  2.4720906836666401e+01,  1.5926005745612226e-01,  1.6196913307368319e+00,  2.0743631105920715e+00, -4.1683670792763494e-01, -1.2557803185036980e+00, -3.6299521735583262e-03, -1.3663665474845162e+01,  4.5366634339692996e-01,  2.1965916785824655e+00,  2.4239023876607359e-03, -2.5033370839649717e+01, -3.4433392477464388e+00, -5.5575533748374193e+00,  4.5953195010977619e-03
